timestamp,sequence,EEG-imp-ch1,EEG-imp-ch2,EEG-imp-ch3,EEG-imp-ch4,EEG-imp-ch5,EEG-imp-ch6,EEG-imp-ch7,EEG-imp-ch8,EEG-imp-ch9,EEG-imp-ch10,EEG-imp-ch11,EEG-imp-ch12,EEG-imp-ch13,EEG-imp-ch14,EEG-imp-ch15,EEG-imp-ch16
153315807427,9024,4,4,4,4,4,4,4,4,4,4,4,4,4,4,4,4
153315816110,9025,4,4,4,4,4,4,4,4,4,4,4,4,4,4,4,4
153315824863,9026,4,4,4,4,4,4,4,4,4,4,4,4,4,4,4,4
153315872345,9027,4,4,4,4,4,4,4,4,4,4,4,4,4,4,4,4
153315876456,9028,4,4,4,4,4,4,4,4,4,4,4,4,4,4,4,4
153315908631,9029,4,4,4,4,4,4,4,4,4,4,4,4,4,4,4,4
153315940941,9030,4,4,4,4,4,4,4,4,4,4,4,4,4,4,4,4
153315971137,9031,4,4,4,4,4,4,4,4,4,4,4,4,4,4,4,4
153316006050,9032,4,4,4,4,4,4,4,4,4,4,4,4,4,4,4,4
153316037253,9033,4,4,4,4,4,4,4,4,4,4,4,4,4,4,4,4
153316169848,9036,4,4,4,4,4,4,4,4,4,4,4,4,4,4,4,4
153316188646,9037,4,4,4,4,4,4,4,4,4,4,4,4,4,4,4,4
153316256309,9039,4,4,4,4,4,4,4,4,4,4,4,4,4,4,4,4
153316264674,9040,4,4,4,4,4,4,4,4,4,4,4,4,4,4,4,4
153316292785,9041,4,4,4,4,4,4,4,4,4,4,4,4,4,4,4,4
153316326140,9042,4,4,4,4,4,4,4,4,4,4,4,4,4,4,4,4
153316352385,9043,4,4,4,4,4,4,4,4,4,4,4,4,4,4,4,4
153316389949,9044,4,4,4,4,4,4,4,4,4,4,4,4,4,4,4,4
153316405170,9045,4,4,4,4,4,4,4,4,4,4,4,4,4,4,4,4
153316514978,9047,4,4,4,4,4,4,4,4,4,4,4,4,4,4,4,4
153316568397,9048,4,4,4,4,4,4,4,4,4,4,4,4,4,4,4,4
153316584873,9050,4,4,4,4,4,4,4,4,4,4,4,4,4,4,4,4
153316616020,9051,4,4,4,4,4,4,4,4,4,4,4,4,4,4,4,4
153316631022,9052,4,4,4,4,4,4,4,4,4,4,4,4,4,4,4,4
153316659723,9053,4,4,4,4,4,4,4,4,4,4,4,4,4,4,4,4
153316721033,9055,4,4,4,4,4,4,4,4,4,4,4,4,4,4,4,4
153316786588,9057,4,4,4,4,4,4,4,4,4,4,4,4,4,4,4,4
153316817365,9058,4,4,4,4,4,4,4,4,4,4,4,4,4,4,4,4
153316929897,9060,4,4,4,4,4,4,4,4,4,4,4,4,4,4,4,4
153316968794,9061,4,4,4,4,4,4,4,4,4,4,4,4,4,4,4,4
153316977435,9062,4,4,4,4,4,4,4,4,4,4,4,4,4,4,4,4
153316984834,9063,4,4,4,4,4,4,4,4,4,4,4,4,4,4,4,4
153317068646,9066,4,4,4,4,4,4,4,4,4,4,4,4,4,4,4,4
153317137555,9068,4,4,4,4,4,4,4,4,4,4,4,4,4,4,4,4
153317158395,9069,4,4,4,4,4,4,4,4,4,4,4,4,4,4,4,4
153317288689,9071,4,4,4,4,4,4,4,4,4,4,4,4,4,4,4,4
153317312427,9072,4,4,4,4,4,4,4,4,4,4,4,4,4,4,4,4
153317319822,9073,4,4,4,4,4,4,4,4,4,4,4,4,4,4,4,4
153317326797,9074,4,4,4,4,4,4,4,4,4,4,4,4,4,4,4,4
153317380193,9076,4,4,4,4,4,4,4,4,4,4,4,4,4,4,4,4
153317411062,9077,4,4,4,4,4,4,4,4,4,4,4,4,4,4,4,4
153317449879,9078,4,4,4,4,4,4,4,4,4,4,4,4,4,4,4,4
153317473706,9079,4,4,4,4,4,4,4,4,4,4,4,4,4,4,4,4
153317542287,9081,4,4,4,4,4,4,4,4,4,4,4,4,4,4,4,4
153317591326,9082,4,4,4,4,4,4,4,4,4,4,4,4,4,4,4,4
153317619032,9083,4,4,4,4,4,4,4,4,4,4,4,4,4,4,4,4
153317669800,9084,4,4,4,4,4,4,4,4,4,4,4,4,4,4,4,4
153317678706,9085,4,4,4,4,4,4,4,4,4,4,4,4,4,4,4,4
153317729967,9087,4,4,4,4,4,4,4,4,4,4,4,4,4,4,4,4
153317754957,9088,4,4,4,4,4,4,4,4,4,4,4,4,4,4,4,4
153317783602,9089,4,4,4,4,4,4,4,4,4,4,4,4,4,4,4,4
153317891111,9092,4,4,4,4,4,4,4,4,4,4,4,4,4,4,4,4
153317911101,9093,4,4,4,4,4,4,4,4,4,4,4,4,4,4,4,4
153317992375,9094,4,4,4,4,4,4,4,4,4,4,4,4,4,4,4,4
153318028581,9095,4,4,4,4,4,4,4,4,4,4,4,4,4,4,4,4
153318035986,9096,4,4,4,4,4,4,4,4,4,4,4,4,4,4,4,4
153318098528,9099,4,4,4,4,4,4,4,4,4,4,4,4,4,4,4,4
153318129900,9100,4,4,4,4,4,4,4,4,4,4,4,4,4,4,4,4
153318181219,9101,4,4,4,4,4,4,4,4,4,4,4,4,4,4,4,4
153318193659,9102,4,4,4,4,4,4,4,4,4,4,4,4,4,4,4,4
153318223517,9103,4,4,4,4,4,4,4,4,4,4,4,4,4,4,4,4
153318253484,9104,4,4,4,4,4,4,4,4,4,4,4,4,4,4,4,4
153318284836,9105,4,4,4,4,4,4,4,4,4,4,4,4,4,4,4,4
153318338620,9106,4,4,4,4,4,4,4,4,4,4,4,4,4,4,4,4
153318406102,9108,4,4,4,4,4,4,4,4,4,4,4,4,4,4,4,4
153318441137,9109,4,4,4,4,4,4,4,4,4,4,4,4,4,4,4,4
153318453567,9110,4,4,4,4,4,4,4,4,4,4,4,4,4,4,4,4
153318499743,9112,4,4,4,4,4,4,4,4,4,4,4,4,4,4,4,4
153318551224,9113,4,4,4,4,4,4,4,4,4,4,4,4,4,4,4,4
153318567479,9114,4,4,4,4,4,4,4,4,4,4,4,4,4,4,4,4
153318597318,9115,4,4,4,4,4,4,4,4,4,4,4,4,4,4,4,4
153318664944,9117,4,4,4,4,4,4,4,4,4,4,4,4,4,4,4,4
153318742339,9118,4,4,4,4,4,4,4,4,4,4,4,4,4,4,4,4
153318769717,9120,4,4,4,4,4,4,4,4,4,4,4,4,4,4,4,4
153318823986,9121,4,4,4,4,4,4,4,4,4,4,4,4,4,4,4,4
153318869956,9123,4,4,4,4,4,4,4,4,4,4,4,4,4,4,4,4
153318881066,9124,4,4,4,4,4,4,4,4,4,4,4,4,4,4,4,4
153318918673,9125,4,4,4,4,4,4,4,4,4,4,4,4,4,4,4,4
153318957473,9126,4,4,4,4,4,4,4,4,4,4,4,4,4,4,4,4
153319004763,9128,4,4,4,4,4,4,4,4,4,4,4,4,4,4,4,4
153319118625,9130,4,4,4,4,4,4,4,4,4,4,4,4,4,4,4,4
153319131094,9131,4,4,4,4,4,4,4,4,4,4,4,4,4,4,4,4
153319138533,9132,4,4,4,4,4,4,4,4,4,4,4,4,4,4,4,4
153319158576,9133,4,4,4,4,4,4,4,4,4,4,4,4,4,4,4,4
153319189835,9134,4,4,4,4,4,4,4,4,4,4,4,4,4,4,4,4
153319231152,9135,4,4,4,4,4,4,4,4,4,4,4,4,4,4,4,4
153319254924,9136,4,4,4,4,4,4,4,4,4,4,4,4,4,4,4,4
153319486073,9141,4,4,4,4,4,4,4,4,4,4,4,4,4,4,4,4
153319525992,9142,4,4,4,4,4,4,4,4,4,4,4,4,4,4,4,4
153319545943,9144,4,4,4,4,4,4,4,4,4,4,4,4,4,4,4,4
153319573542,9145,4,4,4,4,4,4,4,4,4,4,4,4,4,4,4,4
153319601076,9146,4,4,4,4,4,4,4,4,4,4,4,4,4,4,4,4
153319661070,9149,4,4,4,4,4,4,4,4,4,4,4,4,4,4,4,4
153319692383,9150,4,4,4,4,4,4,4,4,4,4,4,4,4,4,4,4
153319722356,9151,4,4,4,4,4,4,4,4,4,4,4,4,4,4,4,4
153319867299,9154,4,4,4,4,4,4,4,4,4,4,4,4,4,4,4,4
153319873686,9155,4,4,4,4,4,4,4,4,4,4,4,4,4,4,4,4
153319882236,9156,4,4,4,4,4,4,4,4,4,4,4,4,4,4,4,4
153319909782,9157,4,4,4,4,4,4,4,4,4,4,4,4,4,4,4,4
153319948546,9158,4,4,4,4,4,4,4,4,4,4,4,4,4,4,4,4
153320009862,9160,4,4,4,4,4,4,4,4,4,4,4,4,4,4,4,4
153320034864,9161,4,4,4,4,4,4,4,4,4,4,4,4,4,4,4,4
153320067350,9162,4,4,4,4,4,4,4,4,4,4,4,4,4,4,4,4
153320234847,9165,4,4,4,4,4,4,4,4,4,4,4,4,4,4,4,4
153320238511,9166,4,4,4,4,4,4,4,4,4,4,4,4,4,4,4,4
153320245961,9167,4,4,4,4,4,4,4,4,4,4,4,4,4,4,4,4
153320283575,9169,4,4,4,4,4,4,4,4,4,4,4,4,4,4,4,4
153320375939,9172,4,4,4,4,4,4,4,4,4,4,4,4,4,4,4,4
153320419816,9173,4,4,4,4,4,4,4,4,4,4,4,4,4,4,4,4
153320443626,9174,4,4,4,4,4,4,4,4,4,4,4,4,4,4,4,4
153320483684,9175,4,4,4,4,4,4,4,4,4,4,4,4,4,4,4,4
153320498192,9176,4,4,4,4,4,4,4,4,4,4,4,4,4,4,4,4
153320581178,9177,4,4,4,4,4,4,4,4,4,4,4,4,4,4,4,4
153320599896,9178,4,4,4,4,4,4,4,4,4,4,4,4,4,4,4,4
153320698685,9182,4,4,4,4,4,4,4,4,4,4,4,4,4,4,4,4
153320747251,9183,4,4,4,4,4,4,4,4,4,4,4,4,4,4,4,4
153320784883,9185,4,4,4,4,4,4,4,4,4,4,4,4,4,4,4,4
153320814753,9186,4,4,4,4,4,4,4,4,4,4,4,4,4,4,4,4
153320853709,9187,4,4,4,4,4,4,4,4,4,4,4,4,4,4,4,4
153320901172,9188,4,4,4,4,4,4,4,4,4,4,4,4,4,4,4,4
153320969878,9190,4,4,4,4,4,4,4,4,4,4,4,4,4,4,4,4
153320978693,9191,4,4,4,4,4,4,4,4,4,4,4,4,4,4,4,4
153321058646,9193,4,4,4,4,4,4,4,4,4,4,4,4,4,4,4,4
153321067304,9194,4,4,4,4,4,4,4,4,4,4,4,4,4,4,4,4
153321098535,9195,4,4,4,4,4,4,4,4,4,4,4,4,4,4,4,4
153321131092,9196,4,4,4,4,4,4,4,4,4,4,4,4,4,4,4,4
153321164864,9197,4,4,4,4,4,4,4,4,4,4,4,4,4,4,4,4
153321193747,9198,4,4,4,4,4,4,4,4,4,4,4,4,4,4,4,4
153321223543,9199,4,4,4,4,4,4,4,4,4,4,4,4,4,4,4,4
153321333582,9201,4,4,4,4,4,4,4,4,4,4,4,4,4,4,4,4
153321348603,9203,4,4,4,4,4,4,4,4,4,4,4,4,4,4,4,4
153321389791,9204,4,4,4,4,4,4,4,4,4,4,4,4,4,4,4,4
153321441024,9206,4,4,4,4,4,4,4,4,4,4,4,4,4,4,4,4
153321472320,9207,4,4,4,4,4,4,4,4,4,4,4,4,4,4,4,4
153321502285,9208,4,4,4,4,4,4,4,4,4,4,4,4,4,4,4,4
153321539891,9209,4,4,4,4,4,4,4,4,4,4,4,4,4,4,4,4
153321627340,9211,4,4,4,4,4,4,4,4,4,4,4,4,4,4,4,4
153321734861,9214,4,4,4,4,4,4,4,4,4,4,4,4,4,4,4,4
153321742391,9215,4,4,4,4,4,4,4,4,4,4,4,4,4,4,4,4
153321768542,9216,4,4,4,4,4,4,4,4,4,4,4,4,4,4,4,4
153321786068,9217,4,4,4,4,4,4,4,4,4,4,4,4,4,4,4,4
153321818765,9218,4,4,4,4,4,4,4,4,4,4,4,4,4,4,4,4
153321852383,9219,4,4,4,4,4,4,4,4,4,4,4,4,4,4,4,4
153321881074,9220,4,4,4,4,4,4,4,4,4,4,4,4,4,4,4,4
153321941122,9222,4,4,4,4,4,4,4,4,4,4,4,4,4,4,4,4
153321976102,9223,4,4,4,4,4,4,4,4,4,4,4,4,4,4,4,4
153322077408,9224,4,4,4,4,4,4,4,4,4,4,4,4,4,4,4,4
153322098689,9225,4,4,4,4,4,4,4,4,4,4,4,4,4,4,4,4
153322141392,9228,4,4,4,4,4,4,4,4,4,4,4,4,4,4,4,4
153322163661,9229,4,4,4,4,4,4,4,4,4,4,4,4,4,4,4,4
153322198650,9230,4,4,4,4,4,4,4,4,4,4,4,4,4,4,4,4
153322226144,9231,4,4,4,4,4,4,4,4,4,4,4,4,4,4,4,4
153322286113,9233,4,4,4,4,4,4,4,4,4,4,4,4,4,4,4,4
153322393692,9235,4,4,4,4,4,4,4,4,4,4,4,4,4,4,4,4
153322421194,9236,4,4,4,4,4,4,4,4,4,4,4,4,4,4,4,4
153322453516,9237,4,4,4,4,4,4,4,4,4,4,4,4,4,4,4,4
153322459755,9238,4,4,4,4,4,4,4,4,4,4,4,4,4,4,4,4
153322477822,9239,4,4,4,4,4,4,4,4,4,4,4,4,4,4,4,4
153322501222,9240,4,4,4,4,4,4,4,4,4,4,4,4,4,4,4,4
153322534957,9241,4,4,4,4,4,4,4,4,4,4,4,4,4,4,4,4
153322599977,9243,4,4,4,4,4,4,4,4,4,4,4,4,4,4,4,4
153322664731,9245,4,4,4,4,4,4,4,4,4,4,4,4,4,4,4,4
153322693533,9246,4,4,4,4,4,4,4,4,4,4,4,4,4,4,4,4
153322771133,9247,4,4,4,4,4,4,4,4,4,4,4,4,4,4,4,4
153322807446,9248,4,4,4,4,4,4,4,4,4,4,4,4,4,4,4,4
153322813567,9249,4,4,4,4,4,4,4,4,4,4,4,4,4,4,4,4
153322821012,9250,4,4,4,4,4,4,4,4,4,4,4,4,4,4,4,4
153322848637,9251,4,4,4,4,4,4,4,4,4,4,4,4,4,4,4,4
153322953625,9254,4,4,4,4,4,4,4,4,4,4,4,4,4,4,4,4
153322971071,9255,4,4,4,4,4,4,4,4,4,4,4,4,4,4,4,4
153323002344,9256,4,4,4,4,4,4,4,4,4,4,4,4,4,4,4,4
153323037267,9257,4,4,4,4,4,4,4,4,4,4,4,4,4,4,4,4
153323068733,9258,4,4,4,4,4,4,4,4,4,4,4,4,4,4,4,4
153323162448,9259,4,4,4,4,4,4,4,4,4,4,4,4,4,4,4,4
153323171032,9260,4,4,4,4,4,4,4,4,4,4,4,4,4,4,4,4
153323178711,9261,4,4,4,4,4,4,4,4,4,4,4,4,4,4,4,4
153323211521,9262,4,4,4,4,4,4,4,4,4,4,4,4,4,4,4,4
153323224718,9263,4,4,4,4,4,4,4,4,4,4,4,4,4,4,4,4
153323254802,9264,4,4,4,4,4,4,4,4,4,4,4,4,4,4,4,4
153323302310,9265,4,4,4,4,4,4,4,4,4,4,4,4,4,4,4,4
153323314754,9266,4,4,4,4,4,4,4,4,4,4,4,4,4,4,4,4
153323348773,9267,4,4,4,4,4,4,4,4,4,4,4,4,4,4,4,4
153323443587,9270,4,4,4,4,4,4,4,4,4,4,4,4,4,4,4,4
153323542440,9271,4,4,4,4,4,4,4,4,4,4,4,4,4,4,4,4
153323551113,9272,4,4,4,4,4,4,4,4,4,4,4,4,4,4,4,4
153323596055,9274,4,4,4,4,4,4,4,4,4,4,4,4,4,4,4,4
153323659396,9277,4,4,4,4,4,4,4,4,4,4,4,4,4,4,4,4
153323710729,9278,4,4,4,4,4,4,4,4,4,4,4,4,4,4,4,4
153323724946,9279,4,4,4,4,4,4,4,4,4,4,4,4,4,4,4,4
153323753664,9280,4,4,4,4,4,4,4,4,4,4,4,4,4,4,4,4
153323787524,9281,4,4,4,4,4,4,4,4,4,4,4,4,4,4,4,4
153323864974,9282,4,4,4,4,4,4,4,4,4,4,4,4,4,4,4,4
153323941094,9283,4,4,4,4,4,4,4,4,4,4,4,4,4,4,4,4
153324033603,9287,4,4,4,4,4,4,4,4,4,4,4,4,4,4,4,4
153324061110,9288,4,4,4,4,4,4,4,4,4,4,4,4,4,4,4,4
153324085990,9289,4,4,4,4,4,4,4,4,4,4,4,4,4,4,4,4
153324102303,9290,4,4,4,4,4,4,4,4,4,4,4,4,4,4,4,4
153324124943,9291,4,4,4,4,4,4,4,4,4,4,4,4,4,4,4,4
153324133654,9292,4,4,4,4,4,4,4,4,4,4,4,4,4,4,4,4
153324162465,9293,4,4,4,4,4,4,4,4,4,4,4,4,4,4,4,4
153324278561,9295,4,4,4,4,4,4,4,4,4,4,4,4,4,4,4,4
153324286026,9296,4,4,4,4,4,4,4,4,4,4,4,4,4,4,4,4
153324316080,9298,4,4,4,4,4,4,4,4,4,4,4,4,4,4,4,4
153324347290,9299,4,4,4,4,4,4,4,4,4,4,4,4,4,4,4,4
153324413600,9301,4,4,4,4,4,4,4,4,4,4,4,4,4,4,4,4
153324450975,9302,4,4,4,4,4,4,4,4,4,4,4,4,4,4,4,4
153324474899,9303,4,4,4,4,4,4,4,4,4,4,4,4,4,4,4,4
153324503110,9304,4,4,4,4,4,4,4,4,4,4,4,4,4,4,4,4
153324637292,9306,4,4,4,4,4,4,4,4,4,4,4,4,4,4,4,4
153324671072,9308,4,4,4,4,4,4,4,4,4,4,4,4,4,4,4,4
153324677319,9309,4,4,4,4,4,4,4,4,4,4,4,4,4,4,4,4
153324723514,9311,4,4,4,4,4,4,4,4,4,4,4,4,4,4,4,4
153324753595,9312,4,4,4,4,4,4,4,4,4,4,4,4,4,4,4,4
153324783515,9313,4,4,4,4,4,4,4,4,4,4,4,4,4,4,4,4
153324823608,9314,4,4,4,4,4,4,4,4,4,4,4,4,4,4,4,4
153325009848,9319,4,4,4,4,4,4,4,4,4,4,4,4,4,4,4,4
153325018634,9320,4,4,4,4,4,4,4,4,4,4,4,4,4,4,4,4
153325063540,9322,4,4,4,4,4,4,4,4,4,4,4,4,4,4,4,4
153325093555,9323,4,4,4,4,4,4,4,4,4,4,4,4,4,4,4,4
153325124734,9324,4,4,4,4,4,4,4,4,4,4,4,4,4,4,4,4
153325163784,9325,4,4,4,4,4,4,4,4,4,4,4,4,4,4,4,4
153325228729,9327,4,4,4,4,4,4,4,4,4,4,4,4,4,4,4,4
153325261189,9328,4,4,4,4,4,4,4,4,4,4,4,4,4,4,4,4
153325338589,9329,4,4,4,4,4,4,4,4,4,4,4,4,4,4,4,4
153325367117,9330,4,4,4,4,4,4,4,4,4,4,4,4,4,4,4,4
153325402356,9331,4,4,4,4,4,4,4,4,4,4,4,4,4,4,4,4
153325409737,9332,4,4,4,4,4,4,4,4,4,4,4,4,4,4,4,4
153325418462,9333,4,4,4,4,4,4,4,4,4,4,4,4,4,4,4,4
153325437309,9334,4,4,4,4,4,4,4,4,4,4,4,4,4,4,4,4
153325477388,9335,4,4,4,4,4,4,4,4,4,4,4,4,4,4,4,4
153325501065,9336,4,4,4,4,4,4,4,4,4,4,4,4,4,4,4,4
153325539660,9337,4,4,4,4,4,4,4,4,4,4,4,4,4,4,4,4
153325569770,9338,4,4,4,4,4,4,4,4,4,4,4,4,4,4,4,4
153325595959,9339,4,4,4,4,4,4,4,4,4,4,4,4,4,4,4,4
153325629832,9340,4,4,4,4,4,4,4,4,4,4,4,4,4,4,4,4
153325677368,9341,4,4,4,4,4,4,4,4,4,4,4,4,4,4,4,4
153325757406,9343,4,4,4,4,4,4,4,4,4,4,4,4,4,4,4,4
153325764967,9344,4,4,4,4,4,4,4,4,4,4,4,4,4,4,4,4
153325802368,9345,4,4,4,4,4,4,4,4,4,4,4,4,4,4,4,4
153325864788,9347,4,4,4,4,4,4,4,4,4,4,4,4,4,4,4,4
153325942297,9350,4,4,4,4,4,4,4,4,4,4,4,4,4,4,4,4
153325971020,9351,4,4,4,4,4,4,4,4,4,4,4,4,4,4,4,4
153326004737,9352,4,4,4,4,4,4,4,4,4,4,4,4,4,4,4,4
153326094822,9353,4,4,4,4,4,4,4,4,4,4,4,4,4,4,4,4
153326117344,9354,4,4,4,4,4,4,4,4,4,4,4,4,4,4,4,4
153326126124,9355,4,4,4,4,4,4,4,4,4,4,4,4,4,4,4,4
153326134901,9356,4,4,4,4,4,4,4,4,4,4,4,4,4,4,4,4
153326259782,9360,4,4,4,4,4,4,4,4,4,4,4,4,4,4,4,4
153326304812,9361,4,4,4,4,4,4,4,4,4,4,4,4,4,4,4,4
153326367289,9363,4,4,4,4,4,4,4,4,4,4,4,4,4,4,4,4
153326386151,9364,4,4,4,4,4,4,4,4,4,4,4,4,4,4,4,4
153326462381,9365,4,4,4,4,4,4,4,4,4,4,4,4,4,4,4,4
153326499793,9366,4,4,4,4,4,4,4,4,4,4,4,4,4,4,4,4
153326515928,9368,4,4,4,4,4,4,4,4,4,4,4,4,4,4,4,4
153326549946,9369,4,4,4,4,4,4,4,4,4,4,4,4,4,4,4,4
153326603635,9371,4,4,4,4,4,4,4,4,4,4,4,4,4,4,4,4
153326632383,9372,4,4,4,4,4,4,4,4,4,4,4,4,4,4,4,4
153326694869,9374,4,4,4,4,4,4,4,4,4,4,4,4,4,4,4,4
153326720905,9375,4,4,4,4,4,4,4,4,4,4,4,4,4,4,4,4
153326798571,9376,4,4,4,4,4,4,4,4,4,4,4,4,4,4,4,4
153326833513,9377,4,4,4,4,4,4,4,4,4,4,4,4,4,4,4,4
153326852293,9379,4,4,4,4,4,4,4,4,4,4,4,4,4,4,4,4
153326909579,9381,4,4,4,4,4,4,4,4,4,4,4,4,4,4,4,4
153326939865,9382,4,4,4,4,4,4,4,4,4,4,4,4,4,4,4,4
153327001058,9384,4,4,4,4,4,4,4,4,4,4,4,4,4,4,4,4
153327039881,9385,4,4,4,4,4,4,4,4,4,4,4,4,4,4,4,4
153327063589,9386,4,4,4,4,4,4,4,4,4,4,4,4,4,4,4,4
153327094814,9387,4,4,4,4,4,4,4,4,4,4,4,4,4,4,4,4
153327239836,9389,4,4,4,4,4,4,4,4,4,4,4,4,4,4,4,4
153327242245,9390,4,4,4,4,4,4,4,4,4,4,4,4,4,4,4,4
153327272439,9392,4,4,4,4,4,4,4,4,4,4,4,4,4,4,4,4
153327282848,9393,4,4,4,4,4,4,4,4,4,4,4,4,4,4,4,4
153327343592,9395,4,4,4,4,4,4,4,4,4,4,4,4,4,4,4,4
153327377284,9396,4,4,4,4,4,4,4,4,4,4,4,4,4,4,4,4
153327411117,9397,4,4,4,4,4,4,4,4,4,4,4,4,4,4,4,4
153327551139,9400,4,4,4,4,4,4,4,4,4,4,4,4,4,4,4,4
153327578622,9401,4,4,4,4,4,4,4,4,4,4,4,4,4,4,4,4
153327589733,9402,4,4,4,4,4,4,4,4,4,4,4,4,4,4,4,4
153327597528,9403,4,4,4,4,4,4,4,4,4,4,4,4,4,4,4,4
153327661197,9405,4,4,4,4,4,4,4,4,4,4,4,4,4,4,4,4
153327689026,9406,4,4,4,4,4,4,4,4,4,4,4,4,4,4,4,4
153327721039,9407,4,4,4,4,4,4,4,4,4,4,4,4,4,4,4,4
153327777416,9408,4,4,4,4,4,4,4,4,4,4,4,4,4,4,4,4
153327786120,9409,4,4,4,4,4,4,4,4,4,4,4,4,4,4,4,4
153327846217,9411,4,4,4,4,4,4,4,4,4,4,4,4,4,4,4,4
153327923783,9412,4,4,4,4,4,4,4,4,4,4,4,4,4,4,4,4
153327957660,9413,4,4,4,4,4,4,4,4,4,4,4,4,4,4,4,4
153327958441,9414,4,4,4,4,4,4,4,4,4,4,4,4,4,4,4,4
153328007229,9416,4,4,4,4,4,4,4,4,4,4,4,4,4,4,4,4
153328032263,9417,4,4,4,4,4,4,4,4,4,4,4,4,4,4,4,4
153328062171,9418,4,4,4,4,4,4,4,4,4,4,4,4,4,4,4,4
153328093527,9419,4,4,4,4,4,4,4,4,4,4,4,4,4,4,4,4
153328127267,9420,4,4,4,4,4,4,4,4,4,4,4,4,4,4,4,4
153328244877,9423,4,4,4,4,4,4,4,4,4,4,4,4,4,4,4,4
153328299753,9424,4,4,4,4,4,4,4,4,4,4,4,4,4,4,4,4
153328317281,9425,4,4,4,4,4,4,4,4,4,4,4,4,4,4,4,4
153328323507,9426,4,4,4,4,4,4,4,4,4,4,4,4,4,4,4,4
153328357261,9427,4,4,4,4,4,4,4,4,4,4,4,4,4,4,4,4
153328377230,9428,4,4,4,4,4,4,4,4,4,4,4,4,4,4,4,4
153328423456,9429,4,4,4,4,4,4,4,4,4,4,4,4,4,4,4,4
153328533632,9433,4,4,4,4,4,4,4,4,4,4,4,4,4,4,4,4
153328567315,9434,4,4,4,4,4,4,4,4,4,4,4,4,4,4,4,4
153328617383,9435,4,4,4,4,4,4,4,4,4,4,4,4,4,4,4,4
153328683631,9436,4,4,4,4,4,4,4,4,4,4,4,4,4,4,4,4
153328692318,9437,4,4,4,4,4,4,4,4,4,4,4,4,4,4,4,4
153328697219,9438,4,4,4,4,4,4,4,4,4,4,4,4,4,4,4,4
153328734894,9439,4,4,4,4,4,4,4,4,4,4,4,4,4,4,4,4
153328748915,9440,4,4,4,4,4,4,4,4,4,4,4,4,4,4,4,4
153328788509,9441,4,4,4,4,4,4,4,4,4,4,4,4,4,4,4,4
153328820917,9442,4,4,4,4,4,4,4,4,4,4,4,4,4,4,4,4
153328879078,9444,4,4,4,4,4,4,4,4,4,4,4,4,4,4,4,4
153328909993,9445,4,4,4,4,4,4,4,4,4,4,4,4,4,4,4,4
153328938719,9446,4,4,4,4,4,4,4,4,4,4,4,4,4,4,4,4
153329018326,9447,4,4,4,4,4,4,4,4,4,4,4,4,4,4,4,4
153329067369,9448,4,4,4,4,4,4,4,4,4,4,4,4,4,4,4,4
153329086086,9449,4,4,4,4,4,4,4,4,4,4,4,4,4,4,4,4
153329094849,9450,4,4,4,4,4,4,4,4,4,4,4,4,4,4,4,4
153329116217,9451,4,4,4,4,4,4,4,4,4,4,4,4,4,4,4,4
153329128596,9452,4,4,4,4,4,4,4,4,4,4,4,4,4,4,4,4
153329190987,9454,1,1,3,1,3,2,3,3,2,1,2,2,2,2,2,2
153329222127,9455,1,1,3,1,3,2,3,3,2,1,2,2,2,2,2,2
153329254275,9456,1,1,3,1,3,2,3,3,2,1,2,2,2,2,2,2
153329286550,9457,1,1,3,1,3,2,3,3,2,1,2,2,2,2,2,2
153329315215,9458,1,1,3,1,3,2,3,3,2,1,2,2,2,2,2,2
153329414976,9459,1,1,3,1,3,2,3,3,2,1,2,2,2,2,2,2
153329423512,9460,1,1,3,1,3,2,3,3,2,1,2,2,2,2,2,2
153329548517,9465,1,1,3,1,3,2,3,3,2,1,2,2,2,2,2,2
153329562207,9466,1,1,3,1,3,2,3,3,2,1,2,2,2,2,2,2
153329599861,9467,1,1,3,1,3,2,3,3,2,1,2,2,2,2,2,2
153329629831,9468,1,1,3,1,3,2,3,3,2,1,2,2,2,2,2,2
153329658539,9469,1,1,3,1,3,2,3,3,2,1,2,2,2,2,2,2
153329755487,9470,1,1,3,1,3,2,3,3,2,1,2,2,2,2,2,2
153329823563,9472,1,1,3,1,3,2,3,3,2,1,2,2,2,2,2,2
153329828416,9473,1,1,3,1,3,2,3,3,2,1,2,2,2,2,2,2
153329848689,9474,1,1,3,1,3,2,3,3,2,1,2,2,2,2,2,2
153329867301,9475,1,1,3,1,3,2,3,3,2,1,2,2,2,2,2,2
153329881015,9476,1,1,3,1,3,2,3,3,2,1,2,2,2,2,2,2
153329913663,9477,1,1,3,1,3,2,3,3,2,1,2,2,2,2,2,2
153329943661,9478,1,1,3,1,3,2,3,3,2,1,2,2,2,2,2,2
153329977283,9479,1,1,3,1,3,2,3,3,2,1,2,2,2,2,2,2
153330009756,9480,1,1,3,1,3,2,3,3,2,1,2,2,2,2,2,2
153330036669,9481,1,1,3,1,3,2,3,3,2,1,2,2,2,2,2,2
153330096739,9482,1,1,3,1,3,2,3,3,2,1,2,2,2,2,2,2
153330152360,9483,1,1,3,1,3,2,3,3,2,1,2,2,2,2,2,2
153330159818,9484,1,1,3,1,3,2,3,3,2,1,2,2,2,2,2,2
153330163585,9485,1,1,3,1,3,2,3,3,2,1,2,2,2,2,2,2
153330193489,9486,1,1,3,1,3,2,3,3,2,1,2,2,2,2,2,2
153330292363,9489,1,1,3,1,3,2,3,3,2,1,2,2,2,2,2,2
153330338604,9490,1,1,3,1,3,2,3,3,2,1,2,2,2,2,2,2
153330347235,9491,1,1,3,1,3,2,3,3,2,1,2,2,2,2,2,2
153330377237,9492,1,1,3,1,3,2,3,3,2,1,2,2,2,2,2,2
153330408458,9493,1,1,3,1,3,2,3,3,2,1,2,2,2,2,2,2
153330484462,9494,1,1,3,1,3,2,3,3,2,1,2,2,2,2,2,2
153330540939,9496,1,1,3,1,3,2,3,3,2,1,2,2,2,2,2,2
153330548586,9497,1,1,3,1,3,2,3,3,2,1,2,2,2,2,2,2
153330572276,9498,1,1,3,1,3,2,3,3,2,1,2,2,2,2,2,2
153330593719,9499,1,1,3,1,3,2,3,3,2,1,2,2,2,2,2,2
153330644726,9500,1,1,3,1,3,2,3,3,2,1,2,2,2,2,2,2
153330673641,9501,1,1,3,1,3,2,3,3,2,1,2,2,2,2,2,2
153330692278,9502,1,1,3,1,3,2,3,3,2,1,2,2,2,2,2,2
153330752210,9504,1,1,3,1,3,2,3,3,2,1,2,2,2,2,2,2
153330875962,9506,1,1,3,1,3,2,3,3,2,1,2,2,2,2,2,2
153330897367,9507,1,1,3,1,3,2,3,3,2,1,2,2,2,2,2,2
153330911071,9509,1,1,3,1,3,2,3,3,2,1,2,2,2,2,2,2
153330941036,9510,1,1,3,1,3,2,3,3,2,1,2,2,2,2,2,2
153330987366,9511,1,1,3,1,3,2,3,3,2,1,2,2,2,2,2,2
153331008551,9512,1,1,3,1,3,2,3,3,2,1,2,2,2,2,2,2
153331050324,9513,1,1,3,1,3,2,3,3,2,1,2,2,2,2,2,2
153331068663,9514,1,1,3,1,3,2,3,3,2,1,2,2,2,2,2,2
153331103526,9515,1,1,3,1,3,2,3,3,2,1,2,2,2,2,2,2
153331158407,9517,1,1,3,1,3,2,3,3,2,1,2,2,2,2,2,2
153331273293,9520,1,1,3,1,3,2,3,3,2,1,2,2,2,2,2,2
153331277145,9521,1,1,3,1,3,2,3,3,2,1,2,2,2,2,2,2
153331309290,9522,1,1,3,1,3,2,3,3,2,1,2,2,2,2,2,2
153331353688,9523,1,1,3,1,3,2,3,3,2,1,2,2,2,2,2,2
153331411097,9525,1,1,3,1,3,2,3,3,2,1,2,2,2,2,2,2
153331473596,9527,1,1,3,1,3,2,3,3,2,1,2,2,2,2,2,2
153331503474,9528,1,1,3,1,3,2,3,3,2,1,2,2,2,2,2,2
153331583617,9529,1,1,3,1,3,2,3,3,2,1,2,2,2,2,2,2
153331616052,9530,1,1,3,1,3,2,3,3,2,1,2,2,2,2,2,2
153331642189,9531,1,1,3,1,3,2,3,3,2,1,2,2,2,2,2,2
153331648519,9532,1,1,3,1,3,2,3,3,2,1,2,2,2,2,2,2
153331663359,9533,1,1,3,1,3,2,3,3,2,1,2,2,2,2,2,2
153331768628,9536,1,1,3,1,3,2,3,3,2,1,2,2,2,2,2,2
153331798705,9537,1,1,1,1,1,1,1,1,1,1,1,1,1,1,1,1
153331818685,9538,1,1,1,1,1,1,1,1,1,1,1,1,1,1,1,1
153331853488,9539,1,1,1,1,1,1,1,1,1,1,1,1,1,1,1,1
153331884789,9540,1,1,1,1,1,1,1,1,1,1,1,1,1,1,1,1
153331919930,9541,1,1,1,1,1,1,1,1,1,1,1,1,1,1,1,1
153331995955,9542,1,1,1,1,1,1,1,1,1,1,1,1,1,1,1,1
153332004608,9543,1,1,1,1,1,1,1,1,1,1,1,1,1,1,1,1
153332108564,9547,1,1,1,1,1,1,1,1,1,1,1,1,1,1,1,1
153332130978,9548,1,1,1,1,1,1,1,1,1,1,1,1,1,1,1,1
153332167264,9549,1,1,1,1,1,1,1,1,1,1,1,1,1,1,1,1
153332194755,9550,1,1,1,1,1,1,1,1,1,1,1,1,1,1,1,1
153332228639,9551,1,1,1,1,1,1,1,1,1,1,1,1,1,1,1,1
153332263486,9552,1,1,1,1,1,1,1,1,1,1,1,1,1,1,1,1
153332342305,9553,1,1,1,1,1,1,1,1,1,1,1,1,1,1,1,1
153332377276,9555,1,1,1,1,1,1,1,1,1,1,1,1,1,1,1,1
153332385986,9556,1,1,1,1,1,1,1,1,1,1,1,1,1,1,1,1
153332441099,9558,1,1,1,1,1,1,1,1,1,1,1,1,1,1,1,1
153332470666,9559,1,1,1,1,1,1,1,1,1,1,1,1,1,1,1,1
153332534782,9561,1,1,1,1,1,1,1,1,1,1,1,1,1,1,1,1
153332568703,9562,1,1,1,1,1,1,1,1,1,1,1,1,1,1,1,1
153332602445,9563,1,1,1,1,1,1,1,1,1,1,1,1,1,1,1,1
153332627345,9564,1,1,1,1,1,1,1,1,1,1,1,1,1,1,1,1
153332735970,9566,1,1,1,1,1,1,1,1,1,1,1,1,1,1,1,1
153332773519,9568,1,1,1,1,1,1,1,1,1,1,1,1,1,1,1,1
153332789711,9569,1,1,1,1,1,1,1,1,1,1,1,1,1,1,1,1
153332847335,9571,1,1,1,1,1,1,1,1,1,1,1,1,1,1,1,1
153332899862,9572,1,1,1,1,1,1,1,1,1,1,1,1,1,1,1,1
153332906757,9573,1,1,1,1,1,1,1,1,1,1,1,1,1,1,1,1
153332941049,9574,1,1,1,1,1,1,1,1,1,1,1,1,1,1,1,1
153333088719,9577,1,1,1,1,1,1,1,1,1,1,1,1,1,1,1,1
153333098658,9578,1,1,1,1,1,1,1,1,1,1,1,1,1,1,1,1
153333106142,9579,1,1,1,1,1,1,1,1,1,1,1,1,1,1,1,1
153333130982,9580,1,1,1,1,1,1,1,1,1,1,1,1,1,1,1,1
153333162400,9581,1,1,1,1,1,1,1,1,1,1,1,1,1,1,1,1
153333193450,9582,1,1,1,1,1,1,1,1,1,1,1,1,1,1,1,1
153333214300,9583,1,1,1,1,1,1,1,1,1,1,1,1,1,1,1,1
153333267267,9584,1,1,1,1,1,1,1,1,1,1,1,1,1,1,1,1
153333343569,9587,1,1,1,1,1,1,1,1,1,1,1,1,1,1,1,1
153333419856,9588,1,1,1,1,1,1,1,1,1,1,1,1,1,1,1,1
153333457376,9589,1,1,1,1,1,1,1,1,1,1,1,1,1,1,1,1
153333464830,9590,1,1,1,1,1,1,1,1,1,1,1,1,1,1,1,1
153333502289,9592,1,1,1,1,1,1,1,1,1,1,1,1,1,1,1,1
153333546040,9593,1,1,1,1,1,1,1,1,1,1,1,1,1,1,1,1
153333567071,9594,1,1,1,1,1,1,1,1,1,1,1,1,1,1,1,1
153333612282,9595,1,1,1,1,1,1,1,1,1,1,1,1,1,1,1,1
153333627645,9596,1,1,1,1,1,1,1,1,1,1,1,1,1,1,1,1
153333662173,9597,1,1,1,1,1,1,1,1,1,1,1,1,1,1,1,1
153333691643,9598,1,1,1,1,1,1,1,1,1,1,1,1,1,1,1,1
153333722284,9599,1,1,1,1,1,1,1,1,1,1,1,1,1,1,1,1
153333803681,9600,1,1,1,1,1,1,1,1,1,1,1,1,1,1,1,1
153333818625,9601,1,1,1,1,1,1,1,1,1,1,1,1,1,1,1,1
153333847196,9603,1,1,1,1,1,1,1,1,1,1,1,1,1,1,1,1
153333901675,9604,1,1,1,1,1,1,1,1,1,1,1,1,1,1,1,1
153333908513,9605,1,1,1,1,1,1,1,1,1,1,1,1,1,1,1,1
153333978476,9607,1,1,1,1,1,1,1,1,1,1,1,1,1,1,1,1
153334060859,9610,1,1,1,1,1,1,1,1,1,1,1,1,1,1,1,1
153334138790,9611,1,1,1,1,1,1,1,1,1,1,1,1,1,1,1,1
153334232401,9612,1,1,1,1,1,1,1,1,1,1,1,1,1,1,1,1
153334246166,9613,1,1,1,1,1,1,1,1,1,1,1,1,1,1,1,1
153334254790,9614,1,1,1,1,1,1,1,1,1,1,1,1,1,1,1,1
153334281203,9615,1,1,1,1,1,1,1,1,1,1,1,1,1,1,1,1
153334293533,9616,1,1,1,1,1,1,1,1,1,1,1,1,1,1,1,1
153334383376,9620,1,1,1,1,1,1,1,1,1,1,1,1,1,1,1,1
153334403429,9621,1,1,1,1,1,1,1,1,1,1,1,1,1,1,1,1
153334468026,9623,1,1,1,1,1,1,1,1,1,1,1,1,1,1,1,1
153334542752,9624,1,1,1,1,1,1,1,1,1,1,1,1,1,1,1,1
153334567200,9625,1,1,1,1,1,1,1,1,1,1,1,1,1,1,1,1
153334574770,9626,1,1,1,1,1,1,1,1,1,1,1,1,1,1,1,1
153334628652,9628,1,1,1,1,1,1,1,1,1,1,1,1,1,1,1,1
153334658556,9629,1,1,1,1,1,1,1,1,1,1,1,1,1,1,1,1
153334727237,9631,1,1,1,1,1,1,1,1,1,1,1,1,1,1,1,1
153334760933,9632,1,1,1,1,1,1,1,1,1,1,1,1,1,1,1,1
153334825295,9634,1,1,1,1,1,1,1,1,1,1,1,1,1,1,1,1
153334885398,9635,1,1,1,1,1,1,1,1,1,1,1,1,1,1,1,1
153334935974,9636,1,1,1,1,1,1,1,1,1,1,1,1,1,1,1,1
153334942017,9637,1,1,1,1,1,1,1,1,1,1,1,1,1,1,1,1
153334994686,9639,1,1,1,1,1,1,1,1,1,1,1,1,1,1,1,1
153335034838,9641,1,1,1,1,1,1,1,1,1,1,1,1,1,1,1,1
153335066103,9642,1,1,1,1,1,1,1,1,1,1,1,1,1,1,1,1
153335137341,9644,1,1,1,1,1,1,1,1,1,1,1,1,1,1,1,1
153335164799,9645,1,1,1,1,1,1,1,1,1,1,1,1,1,1,1,1
153335197277,9646,1,1,1,1,1,1,1,1,1,1,1,1,1,1,1,1
153335277652,9647,1,1,1,1,1,1,1,1,1,1,1,1,1,1,1,1
153335351026,9651,1,1,1,1,1,1,1,1,1,1,1,1,1,1,1,1
153335377207,9652,1,1,1,1,1,1,1,1,1,1,1,1,1,1,1,1
153335460254,9653,1,1,1,1,1,1,1,1,1,1,1,1,1,1,1,1
153335460922,9654,1,1,1,1,1,1,1,1,1,1,1,1,1,1,1,1
153335472413,9655,1,1,1,1,1,1,1,1,1,1,1,1,1,1,1,1
153335519898,9656,1,1,1,1,1,1,1,1,1,1,1,1,1,1,1,1
153335538587,9657,1,1,1,1,1,1,1,1,1,1,1,1,1,1,1,1
153335677178,9660,1,1,1,1,1,1,1,1,1,1,1,1,1,1,1,1
153335683282,9661,1,1,1,1,1,1,1,1,1,1,1,1,1,1,1,1
153335689669,9662,1,1,1,1,1,1,1,1,1,1,1,1,1,1,1,1
153335757287,9664,1,1,1,1,1,1,1,1,1,1,1,1,1,1,1,1
153335793593,9665,1,1,1,1,1,1,1,1,1,1,1,1,1,1,1,1
153335814728,9666,1,1,1,1,1,1,1,1,1,1,1,1,1,1,1,1
153335847490,9667,1,1,1,1,1,1,1,1,1,1,1,1,1,1,1,1
153335881072,9668,1,1,1,1,1,1,1,1,1,1,1,1,1,1,1,1
153335913494,9669,1,1,1,1,1,1,1,1,1,1,1,1,1,1,1,1
153335961055,9670,1,1,1,1,1,1,1,1,1,1,1,1,1,1,1,1
153336050353,9672,1,1,1,1,1,1,1,1,1,1,1,1,1,1,1,1
153336058613,9673,1,1,1,1,1,1,1,1,1,1,1,1,1,1,1,1
153336109335,9675,1,1,1,1,1,1,1,1,1,1,1,1,1,1,1,1
153336136134,9676,1,1,1,1,1,1,1,1,1,1,1,1,1,1,1,1
153336163514,9677,1,1,1,1,1,1,1,1,1,1,1,1,1,1,1,1
153336192284,9678,1,1,1,1,1,1,1,1,1,1,1,1,1,1,1,1
153336253566,9680,1,1,1,1,1,1,1,1,1,1,1,1,1,1,1,1
153336410908,9683,1,1,1,1,1,1,1,1,1,1,1,1,1,1,1,1
153336423458,9685,1,1,1,1,1,1,1,1,1,1,1,1,1,1,1,1
153336440931,9686,1,1,1,1,1,1,1,1,1,1,1,1,1,1,1,1
153336472793,9687,1,1,1,1,1,1,1,1,1,1,1,1,1,1,1,1
153336502803,9688,1,1,1,1,1,1,1,1,1,1,1,1,1,1,1,1
153336537263,9689,1,1,1,1,1,1,1,1,1,1,1,1,1,1,1,1
153336607327,9691,1,1,1,1,1,1,1,1,1,1,1,1,1,1,1,1
153336659689,9693,1,1,1,1,1,1,1,1,1,1,1,1,1,1,1,1
153336761128,9694,1,1,1,1,1,1,1,1,1,1,1,1,1,1,1,1
153336804682,9696,1,1,1,1,1,1,1,1,1,1,1,1,1,1,1,1
153336809920,9697,1,1,1,1,1,1,1,1,1,1,1,1,1,1,1,1
153336818209,9698,1,1,1,1,1,1,1,1,1,1,1,1,1,1,1,1
153336846597,9699,1,1,1,1,1,1,1,1,1,1,1,1,1,1,1,1
153336909620,9701,1,1,1,1,1,1,1,1,1,1,1,1,1,1,1,1
153336939825,9702,1,1,1,1,1,1,1,1,1,1,1,1,1,1,1,1
153336969706,9703,1,1,1,1,1,1,1,1,1,1,1,1,1,1,1,1
153337009909,9704,1,1,1,1,1,1,1,1,1,1,1,1,1,1,1,1
153337148484,9707,1,1,1,1,1,1,1,1,1,1,1,1,1,1,1,1
153337157154,9708,1,1,1,1,1,1,1,1,1,1,1,1,1,1,1,1
153337185265,9709,1,1,1,1,1,1,1,1,1,1,1,1,1,1,1,1
153337190605,9710,1,1,1,1,1,1,1,1,1,1,1,1,1,1,1,1
153337259055,9712,1,1,1,1,1,1,1,1,1,1,1,1,1,1,1,1
153337319873,9714,1,1,1,1,1,1,1,1,1,1,1,1,1,1,1,1
153337349793,9715,1,1,1,1,1,1,1,1,1,1,1,1,1,1,1,1
153337408538,9717,1,1,1,1,1,1,1,1,1,1,1,1,1,1,1,1
153337493576,9718,1,1,1,1,1,1,1,1,1,1,1,1,1,1,1,1
153337511026,9719,1,1,1,1,1,1,1,1,1,1,1,1,1,1,1,1
153337518496,9720,1,1,1,1,1,1,1,1,1,1,1,1,1,1,1,1
153337554780,9721,1,1,1,1,1,1,1,1,1,1,1,1,1,1,1,1
153337632167,9724,1,1,1,1,1,1,1,1,1,1,1,1,1,1,1,1
153337661618,9725,1,1,1,1,1,1,1,1,1,1,1,1,1,1,1,1
153337684342,9726,1,1,1,1,1,1,1,1,1,1,1,1,1,1,1,1
153337733492,9727,1,1,1,1,1,1,1,1,1,1,1,1,1,1,1,1
153337755951,9728,1,1,1,1,1,1,1,1,1,1,1,1,1,1,1,1
153337848570,9729,1,1,1,1,1,1,1,1,1,1,1,1,1,1,1,1
153337859784,9730,1,1,1,1,1,1,1,1,1,1,1,1,1,1,1,1
153337913568,9733,1,1,1,1,1,1,1,1,1,1,1,1,1,1,1,1
153337961022,9734,1,1,1,1,1,1,1,1,1,1,1,1,1,1,1,1
153337967833,9735,1,1,1,1,1,1,1,1,1,1,1,1,1,1,1,1
153338026070,9736,1,1,1,1,1,1,1,1,1,1,1,1,1,1,1,1
153338033474,9737,1,1,1,1,1,1,1,1,1,1,1,1,1,1,1,1
153338060670,9738,1,1,1,1,1,1,1,1,1,1,1,1,1,1,1,1
153338092630,9739,1,1,1,1,1,1,1,1,1,1,1,1,1,1,1,1
153338131100,9740,1,1,1,1,1,1,1,1,1,1,1,1,1,1,1,1
153338230928,9742,1,1,1,1,1,1,1,1,1,1,1,1,1,1,1,1
153338238553,9743,1,1,1,1,1,1,1,1,1,1,1,1,1,1,1,1
153338285950,9745,1,1,1,1,1,1,1,1,1,1,1,1,1,1,1,1
153338316056,9746,1,1,1,1,1,1,1,1,1,1,1,1,1,1,1,1
153338380275,9748,1,1,1,1,1,1,1,1,1,1,1,1,1,1,1,1
153338404312,9749,1,1,1,1,1,1,1,1,1,1,1,1,1,1,1,1
153338433429,9750,1,1,1,1,1,1,1,1,1,1,1,1,1,1,1,1
153338467219,9751,1,1,1,1,1,1,1,1,1,1,1,1,1,1,1,1
153338571188,9753,1,1,1,1,1,1,1,1,1,1,1,1,1,1,1,1
153338620960,9755,1,1,1,1,1,1,1,1,1,1,1,1,1,1,1,1
153338658595,9756,1,1,1,1,1,1,1,1,1,1,1,1,1,1,1,1
153338699813,9758,1,1,1,1,1,1,1,1,1,1,1,1,1,1,1,1
153338732292,9759,1,1,1,1,1,1,1,1,1,1,1,1,1,1,1,1
153338757223,9760,1,1,1,1,1,1,1,1,1,1,1,1,1,1,1,1
153338785354,9761,1,1,1,1,1,1,1,1,1,1,1,1,1,1,1,1
153338844683,9763,1,1,1,1,1,1,1,1,1,1,1,1,1,1,1,1
153338986027,9766,1,1,1,1,1,1,1,1,1,1,1,1,1,1,1,1
153338994744,9767,1,1,1,1,1,1,1,1,1,1,1,1,1,1,1,1
153339018474,9768,1,1,1,1,1,1,1,1,1,1,1,1,1,1,1,1
153339035891,9769,1,1,1,1,1,1,1,1,1,1,1,1,1,1,1,1
153339066033,9770,1,1,1,1,1,1,1,1,1,1,1,1,1,1,1,1
153339099853,9771,1,1,1,1,1,1,1,1,1,1,1,1,1,1,1,1
153339132345,9772,1,1,1,1,1,1,1,1,1,1,1,1,1,1,1,1
153339189453,9774,1,1,1,1,1,1,1,1,1,1,1,1,1,1,1,1
153339220996,9775,1,1,1,1,1,1,1,1,1,1,1,1,1,1,1,1
153339298987,9776,1,1,1,1,1,1,1,1,1,1,1,1,1,1,1,1
153339352226,9777,1,1,1,1,1,1,1,1,1,1,1,1,1,1,1,1
153339384760,9780,1,1,1,1,1,1,1,1,1,1,1,1,1,1,1,1
153339408629,9781,1,1,1,1,1,1,1,1,1,1,1,1,1,1,1,1
153339440977,9782,1,1,1,1,1,1,1,1,1,1,1,1,1,1,1,1
153339475963,9783,1,1,1,1,1,1,1,1,1,1,1,1,1,1,1,1
153339542100,9785,1,1,1,1,1,1,1,1,1,1,1,1,1,1,1,1
153339561290,9786,1,1,1,1,1,1,1,1,1,1,1,1,1,1,1,1
153339590944,9787,1,1,1,1,1,1,1,1,1,1,1,1,1,1,1,1
153339644726,9788,1,1,1,1,1,1,1,1,1,1,1,1,1,1,1,1
153339721061,9790,1,1,1,1,1,1,1,1,1,1,1,1,1,1,1,1
153339731011,9791,1,1,1,1,1,1,1,1,1,1,1,1,1,1,1,1
153339768639,9792,1,1,1,1,1,1,1,1,1,1,1,1,1,1,1,1
153339787340,9793,1,1,1,1,1,1,1,1,1,1,1,1,1,1,1,1
153339819711,9794,1,1,1,1,1,1,1,1,1,1,1,1,1,1,1,1
153339909755,9797,1,1,1,1,1,1,1,1,1,1,1,1,1,1,1,1
153339950010,9798,1,1,1,1,1,1,1,1,1,1,1,1,1,1,1,1
153339971847,9799,1,1,1,1,1,1,1,1,1,1,1,1,1,1,1,1
153340028132,9800,1,1,1,1,1,1,1,1,1,1,1,1,1,1,1,1
153340075929,9801,1,1,1,1,1,1,1,1,1,1,1,1,1,1,1,1
153340082043,9802,1,1,1,1,1,1,1,1,1,1,1,1,1,1,1,1
153340114798,9803,1,1,1,1,1,1,1,1,1,1,1,1,1,1,1,1
153340227256,9807,1,1,1,1,1,1,1,1,1,1,1,1,1,1,1,1
153340250979,9808,1,1,1,1,1,1,1,1,1,1,1,1,1,1,1,1
153340318448,9810,1,1,1,1,1,1,1,1,1,1,1,1,1,1,1,1
153340340440,9811,1,1,1,1,1,1,1,1,1,1,1,1,1,1,1,1
153340443806,9812,1,1,1,1,1,1,1,1,1,1,1,1,1,1,1,1
153340449616,9813,1,1,1,1,1,1,1,1,1,1,1,1,1,1,1,1
153340470824,9815,1,1,1,1,1,1,1,1,1,1,1,1,1,1,1,1
153340500928,9816,1,1,1,1,1,1,1,1,1,1,1,1,1,1,1,1
153340587469,9818,1,1,1,1,1,1,1,1,1,1,1,1,1,1,1,1
153340596048,9819,1,1,1,1,1,1,1,1,1,1,1,1,1,1,1,1
153340660978,9821,1,1,1,1,1,1,1,1,1,1,1,1,1,1,1,1
153340707728,9822,1,1,1,1,1,1,1,1,1,1,1,1,1,1,1,1
153340742236,9823,1,1,1,1,1,1,1,1,1,1,1,1,1,1,1,1
153340771137,9824,1,1,1,1,1,1,1,1,1,1,1,1,1,1,1,1
153340822184,9825,1,1,1,1,1,1,1,1,1,1,1,1,1,1,1,1
153340829675,9826,1,1,1,1,1,1,1,1,1,1,1,1,1,1,1,1
153340880233,9828,1,1,1,1,1,1,1,1,1,1,1,1,1,1,1,1
153340909125,9829,1,1,1,1,1,1,1,1,1,1,1,1,1,1,1,1
153340981160,9831,1,1,1,1,1,1,1,1,1,1,1,1,1,1,1,1
153341011176,9832,1,1,1,1,1,1,1,1,1,1,1,1,1,1,1,1
153341038656,9833,1,1,1,1,1,1,1,1,1,1,1,1,1,1,1,1
153341067263,9834,1,1,1,1,1,1,1,1,1,1,1,1,1,1,1,1
153341249882,9839,1,1,1,1,1,1,1,1,1,1,1,1,1,1,1,1
153341261695,9840,1,1,1,1,1,1,1,1,1,1,1,1,1,1,1,1
153341319034,9842,1,1,1,1,1,1,1,1,1,1,1,1,1,1,1,1
153341353623,9843,1,1,1,1,1,1,1,1,1,1,1,1,1,1,1,1
153341386132,9844,1,1,1,1,1,1,1,1,1,1,1,1,1,1,1,1
153341409822,9845,1,1,1,1,1,1,1,1,1,1,1,1,1,1,1,1
153341517328,9847,1,1,1,1,1,1,1,1,1,1,1,1,1,1,1,1
153341553486,9848,1,1,1,1,1,1,1,1,1,1,1,1,1,1,1,1
153341564709,9849,1,1,1,1,1,1,1,1,1,1,1,1,1,1,1,1
153341572246,9850,1,1,1,1,1,1,1,1,1,1,1,1,1,1,1,1
153341622142,9852,1,1,1,1,1,1,1,1,1,1,1,1,1,1,1,1
153341654960,9853,1,1,1,1,1,1,1,1,1,1,1,1,1,1,1,1
153341687180,9854,1,1,1,1,1,1,1,1,1,1,1,1,1,1,1,1
153341719925,9855,1,1,1,1,1,1,1,1,1,1,1,1,1,1,1,1
153341763572,9856,1,1,1,1,1,1,1,1,1,1,1,1,1,1,1,1
153341819866,9858,1,1,1,1,1,1,1,1,1,1,1,1,1,1,1,1
153341934805,9859,1,1,1,1,1,1,1,1,1,1,1,1,1,1,1,1
153341947141,9860,1,1,1,1,1,1,1,1,1,1,1,1,1,1,1,1
153341988433,9863,1,1,1,1,1,1,1,1,1,1,1,1,1,1,1,1
153342003406,9864,1,1,1,1,1,1,1,1,1,1,1,1,1,1,1,1
153342050054,9865,1,1,1,1,1,1,1,1,1,1,1,1,1,1,1,1
153342099851,9867,1,1,1,1,1,1,1,1,1,1,1,1,1,1,1,1
153342132417,9868,1,1,1,1,1,1,1,1,1,1,1,1,1,1,1,1
153342239950,9870,1,1,1,1,1,1,1,1,1,1,1,1,1,1,1,1
153342278604,9871,1,1,1,1,1,1,1,1,1,1,1,1,1,1,1,1
153342287176,9872,1,1,1,1,1,1,1,1,1,1,1,1,1,1,1,1
153342302376,9873,1,1,1,1,1,1,1,1,1,1,1,1,1,1,1,1
153342323472,9874,1,1,1,1,1,1,1,1,1,1,1,1,1,1,1,1
153342347545,9875,1,1,1,1,1,1,1,1,1,1,1,1,1,1,1,1
153342378039,9876,1,1,1,1,1,1,1,1,1,1,1,1,1,1,1,1
153342432291,9878,1,1,1,1,1,1,1,1,1,1,1,1,1,1,1,1
153342506963,9880,1,1,1,1,1,1,1,1,1,1,1,1,1,1,1,1
153342534793,9881,1,1,1,1,1,1,1,1,1,1,1,1,1,1,1,1
153342631102,9882,1,1,1,1,1,1,1,1,1,1,1,1,1,1,1,1
153342657243,9883,1,1,1,1,1,1,1,1,1,1,1,1,1,1,1,1
153342666100,9884,1,1,1,1,1,1,1,1,1,1,1,1,1,1,1,1
153342683554,9885,1,1,1,1,1,1,1,1,1,1,1,1,1,1,1,1
153342699692,9886,1,1,1,1,1,1,1,1,1,1,1,1,1,1,1,1
153342751819,9888,1,1,1,1,1,1,1,1,1,1,1,1,1,1,1,1
153342801812,9889,1,1,1,1,1,1,1,1,1,1,1,1,1,1,1,1
153342808616,9890,1,1,1,1,1,1,1,1,1,1,1,1,1,1,1,1
153342840810,9891,1,1,1,1,1,1,1,1,1,1,1,1,1,1,1,1
153342870311,9892,1,1,1,1,1,1,1,1,1,1,1,1,1,1,1,1
153343002420,9894,1,1,1,1,1,1,1,1,1,1,1,1,1,1,1,1
153343024764,9895,1,1,1,1,1,1,1,1,1,1,1,1,1,1,1,1
153343033605,9896,1,1,1,1,1,1,1,1,1,1,1,1,1,1,1,1
153343052310,9897,1,1,1,1,1,1,1,1,1,1,1,1,1,1,1,1
153343100077,9899,1,1,1,1,1,1,1,1,1,1,1,1,1,1,1,1
153343163297,9901,1,1,1,1,1,1,1,1,1,1,1,1,1,1,1,1
153343213036,9902,1,1,1,1,1,1,1,1,1,1,1,1,1,1,1,1
153343218018,9903,1,1,1,1,1,1,1,1,1,1,1,1,1,1,1,1
153343249341,9904,1,1,1,1,1,1,1,1,1,1,1,1,1,1,1,1
153343282239,9905,1,1,1,1,1,1,1,1,1,1,1,1,1,1,1,1
153343363770,9906,1,1,1,1,1,1,1,1,1,1,1,1,1,1,1,1
153343379762,9907,1,1,1,1,1,1,1,1,1,1,1,1,1,1,1,1
153343528561,9912,1,1,1,1,1,1,1,1,1,1,1,1,1,1,1,1
153343531837,9913,1,1,1,1,1,1,1,1,1,1,1,1,1,1,1,1
153343594663,9915,1,1,1,1,1,1,1,1,1,1,1,1,1,1,1,1
153343624649,9916,1,1,1,1,1,1,1,1,1,1,1,1,1,1,1,1
153343655854,9917,1,1,1,1,1,1,1,1,1,1,1,1,1,1,1,1
153343736762,9918,1,1,1,1,1,1,1,1,1,1,1,1,1,1,1,1
153343799823,9920,1,1,1,1,1,1,1,1,1,1,1,1,1,1,1,1
153343808589,9921,1,1,1,1,1,1,1,1,1,1,1,1,1,1,1,1
153343818553,9922,1,1,1,1,1,1,1,1,1,1,1,1,1,1,1,1
153343847356,9923,1,1,1,1,1,1,1,1,1,1,1,1,1,1,1,1
153343909753,9925,1,1,1,1,1,1,1,1,1,1,1,1,1,1,1,1
153343945916,9926,1,1,1,1,1,1,1,1,1,1,1,1,1,1,1,1
153343975350,9927,1,1,1,1,1,1,1,1,1,1,1,1,1,1,1,1
153344002989,9928,1,1,1,1,1,1,1,1,1,1,1,1,1,1,1,1
153344085960,9929,1,1,1,1,1,1,1,1,1,1,1,1,1,1,1,1
153344132252,9930,1,1,1,1,1,1,1,1,1,1,1,1,1,1,1,1
153344140938,9931,1,1,1,1,1,1,1,1,1,1,1,1,1,1,1,1
153344152406,9932,1,1,1,1,1,1,1,1,1,1,1,1,1,1,1,1
153344169916,9933,1,1,1,1,1,1,1,1,1,1,1,1,1,1,1,1
153344202309,9934,1,1,1,1,1,1,1,1,1,1,1,1,1,1,1,1
153344259825,9936,1,1,1,1,1,1,1,1,1,1,1,1,1,1,1,1
153344288546,9937,1,1,1,1,1,1,1,1,1,1,1,1,1,1,1,1
153344317092,9938,1,1,1,1,1,1,1,1,1,1,1,1,1,1,1,1
153344348472,9939,1,1,1,1,1,1,1,1,1,1,1,1,1,1,1,1
153344378439,9940,1,1,1,1,1,1,1,1,1,1,1,1,1,1,1,1
153344529656,9943,1,1,1,1,1,1,1,1,1,1,1,1,1,1,1,1
153344543555,9944,1,1,1,1,1,1,1,1,1,1,1,1,1,1,1,1
153344573527,9945,1,1,1,1,1,1,1,1,1,1,1,1,1,1,1,1
153344589905,9946,1,1,1,1,1,1,1,1,1,1,1,1,1,1,1,1
153344604826,9947,1,1,1,1,1,1,1,1,1,1,1,1,1,1,1,1
153344634729,9948,1,1,1,1,1,1,1,1,1,1,1,1,1,1,1,1
153344659611,9949,1,1,1,1,1,1,1,1,1,1,1,1,1,1,1,1
153344855925,9953,1,1,1,1,1,1,1,1,1,1,1,1,1,1,1,1
153344869683,9954,1,1,1,1,1,1,1,1,1,1,1,1,1,1,1,1
153344905884,9956,1,1,1,1,1,1,1,1,1,1,1,1,1,1,1,1
153344914755,9957,1,1,1,1,1,1,1,1,1,1,1,1,1,1,1,1
153344946102,9958,1,1,1,1,1,1,1,1,1,1,1,1,1,1,1,1
153344971038,9959,1,1,1,1,1,1,1,1,1,1,1,1,1,1,1,1
153345061051,9961,1,1,1,1,1,1,1,1,1,1,1,1,1,1,1,1
153345069721,9962,1,1,1,1,1,1,1,1,1,1,1,1,1,1,1,1
153345096591,9963,1,1,1,1,1,1,1,1,1,1,1,1,1,1,1,1
153345151762,9964,1,1,1,1,1,1,1,1,1,1,1,1,1,1,1,1
153345228368,9965,1,1,1,1,1,1,1,1,1,1,1,1,1,1,1,1
153345251046,9967,1,1,1,1,1,1,1,1,1,1,1,1,1,1,1,1
153345257002,9968,1,1,1,1,1,1,1,1,1,1,1,1,1,1,1,1
153345285902,9969,1,1,1,1,1,1,1,1,1,1,1,1,1,1,1,1
153345316437,9970,1,1,1,1,1,1,1,1,1,1,1,1,1,1,1,1
153345383769,9972,1,1,1,1,1,1,1,1,1,1,1,1,1,1,1,1
153345454798,9974,1,1,1,1,1,1,1,1,1,1,1,1,1,1,1,1
153345472193,9975,1,1,1,1,1,1,1,1,1,1,1,1,1,1,1,1
153345605870,9977,1,1,1,1,1,1,1,1,1,1,1,1,1,1,1,1
153345617182,9978,1,1,1,1,1,1,1,1,1,1,1,1,1,1,1,1
153345628602,9979,1,1,1,1,1,1,1,1,1,1,1,1,1,1,1,1
153345640866,9980,1,1,1,1,1,1,1,1,1,1,1,1,1,1,1,1
153345783594,9985,1,1,1,1,1,1,1,1,1,1,1,1,1,1,1,1
153345816010,9986,1,1,1,1,1,1,1,1,1,1,1,1,1,1,1,1
153345949818,9988,1,1,1,1,1,1,1,1,1,1,1,1,1,1,1,1
153345963485,9989,1,1,1,1,1,1,1,1,1,1,1,1,1,1,1,1
153345973186,9990,1,1,1,1,1,1,1,1,1,1,1,1,1,1,1,1
153345980870,9991,1,1,1,1,1,1,1,1,1,1,1,1,1,1,1,1
153346002156,9992,1,1,1,1,1,1,1,1,1,1,1,1,1,1,1,1
153346052480,9993,1,1,1,1,1,1,1,1,1,1,1,1,1,1,1,1
153346055390,9994,1,1,1,1,1,1,1,1,1,1,1,1,1,1,1,1
153346105332,9995,1,1,1,1,1,1,1,1,1,1,1,1,1,1,1,1
153346129926,9996,1,1,1,1,1,1,1,1,1,1,1,1,1,1,1,1
153346194756,9998,1,1,1,1,1,1,1,1,1,1,1,1,1,1,1,1
153346224853,9999,1,1,1,1,1,1,1,1,1,1,1,1,1,1,1,1
153346327265,10000,1,1,1,1,1,1,1,1,1,1,1,1,1,1,1,1
153346362138,10001,1,1,1,1,1,1,1,1,1,1,1,1,1,1,1,1
153346373312,10002,1,1,1,1,1,1,1,1,1,1,1,1,1,1,1,1
153346430886,10004,1,1,1,1,1,1,1,1,1,1,1,1,1,1,1,1
153346441782,10005,1,1,1,1,1,1,1,1,1,1,1,1,1,1,1,1
153346458702,10006,1,1,1,1,1,1,1,1,1,1,1,1,1,1,1,1
153346473655,10007,1,1,1,1,1,1,1,1,1,1,1,1,1,1,1,1
153346533687,10009,1,1,1,1,1,1,1,1,1,1,1,1,1,1,1,1
153346567394,10010,1,1,1,1,1,1,1,1,1,1,1,1,1,1,1,1
153346598563,10011,1,1,1,1,1,1,1,1,1,1,1,1,1,1,1,1
153346678561,10012,1,1,1,1,1,1,1,1,1,1,1,1,1,1,1,1
153346697178,10013,1,1,1,1,1,1,1,1,1,1,1,1,1,1,1,1
153346752306,10016,1,1,1,1,1,1,1,1,1,1,1,1,1,1,1,1
153346785931,10017,1,1,1,1,1,1,1,1,1,1,1,1,1,1,1,1
153346817247,10018,1,1,1,1,1,1,1,1,1,1,1,1,1,1,1,1
153346850927,10019,1,1,1,1,1,1,1,1,1,1,1,1,1,1,1,1
153346882234,10020,1,1,1,1,1,1,1,1,1,1,1,1,1,1,1,1
153346908863,10021,1,1,1,1,1,1,1,1,1,1,1,1,1,1,1,1
153347067318,10022,1,1,1,1,1,1,1,1,1,1,1,1,1,1,1,1
153347098469,10025,1,1,1,1,1,1,1,1,1,1,1,1,1,1,1,1
153347128479,10026,1,1,1,1,1,1,1,1,1,1,1,1,1,1,1,1
153347135875,10027,1,1,1,1,1,1,1,1,1,1,1,1,1,1,1,1
153347163098,10029,1,1,1,1,1,1,1,1,1,1,1,1,1,1,1,1
153347192115,10030,1,1,1,1,1,1,1,1,1,1,1,1,1,1,1,1
153347222060,10031,1,1,1,1,1,1,1,1,1,1,1,1,1,1,1,1
153347250845,10032,1,1,1,1,1,1,1,1,1,1,1,1,1,1,1,1
153347312885,10034,1,1,1,1,1,1,1,1,1,1,1,1,1,1,1,1
153347368433,10035,1,1,1,1,1,1,1,1,1,1,1,1,1,1,1,1
153347439633,10037,1,1,1,1,1,1,1,1,1,1,1,1,1,1,1,1
153347448421,10038,1,1,1,1,1,1,1,1,1,1,1,1,1,1,1,1
153347507172,10040,1,1,1,1,1,1,1,1,1,1,1,1,1,1,1,1
153347563341,10041,1,1,1,1,1,1,1,1,1,1,1,1,1,1,1,1
153347567701,10042,1,1,1,1,1,1,1,1,1,1,1,1,1,1,1,1
153347622162,10043,1,1,1,1,1,1,1,1,1,1,1,1,1,1,1,1
153347662151,10045,1,1,1,1,1,1,1,1,1,1,1,1,1,1,1,1
153347781159,10047,1,1,1,1,1,1,1,1,1,1,1,1,1,1,1,1
153347797300,10048,1,1,1,1,1,1,1,1,1,1,1,1,1,1,1,1
153347830954,10050,1,1,1,1,1,1,1,1,1,1,1,1,1,1,1,1
153347876081,10051,1,1,1,1,1,1,1,1,1,1,1,1,1,1,1,1
153347879802,10052,1,1,1,1,1,1,1,1,1,1,1,1,1,1,1,1
153347909366,10053,1,1,1,1,1,1,1,1,1,1,1,1,1,1,1,1
153348063263,10058,1,1,1,1,1,1,1,1,1,1,1,1,1,1,1,1
153348142226,10059,1,1,1,1,1,1,1,1,1,1,1,1,1,1,1,1
153348173401,10061,1,1,1,1,1,1,1,1,1,1,1,1,1,1,1,1
153348207227,10062,1,1,1,1,1,1,1,1,1,1,1,1,1,1,1,1
153348224756,10063,1,1,1,1,1,1,1,1,1,1,1,1,1,1,1,1
153348267139,10064,1,1,1,1,1,1,1,1,1,1,1,1,1,1,1,1
153348318476,10066,1,1,1,1,1,1,1,1,1,1,1,1,1,1,1,1
153348346789,10067,1,1,1,1,1,1,1,1,1,1,1,1,1,1,1,1
153348395597,10068,1,1,1,1,1,1,1,1,1,1,1,1,1,1,1,1
153348422263,10069,1,1,1,1,1,1,1,1,1,1,1,1,1,1,1,1
153348550975,10072,1,1,1,1,1,1,1,1,1,1,1,1,1,1,1,1
153348558448,10073,1,1,1,1,1,1,1,1,1,1,1,1,1,1,1,1
153348597186,10074,1,1,1,1,1,1,1,1,1,1,1,1,1,1,1,1
153348603371,10075,1,1,1,1,1,1,1,1,1,1,1,1,1,1,1,1
153348664681,10077,1,1,1,1,1,1,1,1,1,1,1,1,1,1,1,1
153348723391,10079,1,1,1,1,1,1,1,1,1,1,1,1,1,1,1,1
153348753774,10080,1,1,1,1,1,1,1,1,1,1,1,1,1,1,1,1
153348819743,10082,1,1,1,1,1,1,1,1,1,1,1,1,1,1,1,1
153348899718,10083,1,1,1,1,1,1,1,1,1,1,1,1,1,1,1,1
153348927083,10084,1,1,1,1,1,1,1,1,1,1,1,1,1,1,1,1
153348933113,10085,1,1,1,1,1,1,1,1,1,1,1,1,1,1,1,1
153349049708,10089,1,1,1,1,1,1,1,1,1,1,1,1,1,1,1,1
153349077528,10090,1,1,1,1,1,1,1,1,1,1,1,1,1,1,1,1
153349098495,10091,1,1,1,1,1,1,1,1,1,1,1,1,1,1,1,1
153349127070,10092,1,1,1,1,1,1,1,1,1,1,1,1,1,1,1,1
153349158450,10093,1,1,1,1,1,1,1,1,1,1,1,1,1,1,1,1
153349237039,10094,1,1,1,1,1,1,1,1,1,1,1,1,1,1,1,1
153349277083,10095,1,1,1,1,1,1,1,1,1,1,1,1,1,1,1,1
153349317481,10098,1,1,1,1,1,1,1,1,1,1,1,1,1,1,1,1
153349345965,10099,1,1,1,1,1,1,1,1,1,1,1,1,1,1,1,1
153349384605,10100,1,1,1,1,1,1,1,1,1,1,1,1,1,1,1,1
153349439734,10102,1,1,1,1,1,1,1,1,1,1,1,1,1,1,1,1
153349470772,10103,1,1,1,1,1,1,1,1,1,1,1,1,1,1,1,1
153349503311,10104,1,1,1,1,1,1,1,1,1,1,1,1,1,1,1,1
153349586110,10105,1,1,1,1,1,1,1,1,1,1,1,1,1,1,1,1
153349648279,10107,1,1,1,1,1,1,1,1,1,1,1,1,1,1,1,1
153349657063,10108,1,1,1,1,1,1,1,1,1,1,1,1,1,1,1,1
153349718857,10110,1,1,1,1,1,1,1,1,1,1,1,1,1,1,1,1
153349723360,10111,1,1,1,1,1,1,1,1,1,1,1,1,1,1,1,1
153349783360,10113,1,1,1,1,1,1,1,1,1,1,1,1,1,1,1,1
153349825971,10114,1,1,1,1,1,1,1,1,1,1,1,1,1,1,1,1
153349852423,10115,1,1,1,1,1,1,1,1,1,1,1,1,1,1,1,1
153349884975,10116,1,1,1,1,1,1,1,1,1,1,1,1,1,1,1,1
153349997213,10118,1,1,1,1,1,1,1,1,1,1,1,1,1,1,1,1
153350004493,10119,1,1,1,1,1,1,1,1,1,1,1,1,1,1,1,1
153350034648,10121,1,1,1,1,1,1,1,1,1,1,1,1,1,1,1,1
153350063948,10122,1,1,1,1,1,1,1,1,1,1,1,1,1,1,1,1
153350097084,10123,1,1,1,1,1,1,1,1,1,1,1,1,1,1,1,1
153350128543,10124,1,1,1,1,1,1,1,1,1,1,1,1,1,1,1,1
153350187283,10125,1,1,1,1,1,1,1,1,1,1,1,1,1,1,1,1
153350220947,10126,1,1,1,1,1,1,1,1,1,1,1,1,1,1,1,1
153350228512,10127,1,1,1,1,1,1,1,1,1,1,1,1,1,1,1,1
153350373279,10131,1,1,1,1,1,1,1,1,1,1,1,1,1,1,1,1
153350398392,10132,1,1,1,1,1,1,1,1,1,1,1,1,1,1,1,1
153350444592,10134,1,1,1,1,1,1,1,1,1,1,1,1,1,1,1,1
153350484751,10135,1,1,1,1,1,1,1,1,1,1,1,1,1,1,1,1
153350500172,10136,1,1,1,1,1,1,1,1,1,1,1,1,1,1,1,1
153350537220,10137,1,1,1,1,1,1,1,1,1,1,1,1,1,1,1,1
153350609042,10139,1,1,1,1,1,1,1,1,1,1,1,1,1,1,1,1
153350634794,10140,1,1,1,1,1,1,1,1,1,1,1,1,1,1,1,1
153350715222,10141,1,1,1,1,1,1,1,1,1,1,1,1,1,1,1,1
153350747246,10142,1,1,1,1,1,1,1,1,1,1,1,1,1,1,1,1
153350823398,10145,1,1,1,1,1,1,1,1,1,1,1,1,1,1,1,1
153350829470,10146,1,1,1,1,1,1,1,1,1,1,1,1,1,1,1,1
153350852328,10147,1,1,1,1,1,1,1,1,1,1,1,1,1,1,1,1
153350887196,10148,1,1,1,1,1,1,1,1,1,1,1,1,1,1,1,1
153350960949,10150,1,1,1,1,1,1,1,1,1,1,1,1,1,1,1,1
153350992196,10151,1,1,1,1,1,1,1,1,1,1,1,1,1,1,1,1
153351028463,10152,1,1,1,1,1,1,1,1,1,1,1,1,1,1,1,1
153351083291,10153,1,1,1,1,1,1,1,1,1,1,1,1,1,1,1,1
153351093324,10154,1,1,1,1,1,1,1,1,1,1,1,1,1,1,1,1
153351100965,10155,1,1,1,1,1,1,1,1,1,1,1,1,1,1,1,1
153351128300,10156,1,1,1,1,1,1,1,1,1,1,1,1,1,1,1,1
153351159685,10157,1,1,1,1,1,1,1,1,1,1,1,1,1,1,1,1
153351220181,10158,1,1,1,1,1,1,1,1,1,1,1,1,1,1,1,1
153351259720,10160,1,1,1,1,1,1,1,1,1,1,1,1,1,1,1,1
153351337016,10162,1,1,1,1,1,1,1,1,1,1,1,1,1,1,1,1
153351345909,10163,1,1,1,1,1,1,1,1,1,1,1,1,1,1,1,1
153351400915,10164,1,1,1,1,1,1,1,1,1,1,1,1,1,1,1,1
153351457095,10165,1,1,1,1,1,1,1,1,1,1,1,1,1,1,1,1
153351487274,10166,1,1,1,1,1,1,1,1,1,1,1,1,1,1,1,1
153351492352,10167,1,1,1,1,1,1,1,1,1,1,1,1,1,1,1,1
153351499666,10168,1,1,1,1,1,1,1,1,1,1,1,1,1,1,1,1
153351565775,10170,1,1,1,1,1,1,1,1,1,1,1,1,1,1,1,1
153351596977,10171,1,1,1,1,1,1,1,1,1,1,1,1,1,1,1,1
153351628411,10172,1,1,1,1,1,1,1,1,1,1,1,1,1,1,1,1
153351667160,10173,1,1,1,1,1,1,1,1,1,1,1,1,1,1,1,1
153351725988,10175,1,1,1,1,1,1,1,1,1,1,1,1,1,1,1,1
153351800997,10176,1,1,1,1,1,1,1,1,1,1,1,1,1,1,1,1
153351852101,10177,1,1,1,1,1,1,1,1,1,1,1,1,1,1,1,1
153351860906,10178,1,1,1,1,1,1,1,1,1,1,1,1,1,1,1,1
153351883328,10179,1,1,1,1,1,1,1,1,1,1,1,1,1,1,1,1
153351915881,10180,1,1,1,1,1,1,1,1,1,1,1,1,1,1,1,1
153351920190,10181,1,1,1,1,1,1,1,1,1,1,1,1,1,1,1,1
153351950832,10182,1,1,1,1,1,1,1,1,1,1,1,1,1,1,1,1
153351970878,10183,1,1,1,1,1,1,1,1,1,1,1,1,1,1,1,1
153352004649,10184,1,1,1,1,1,1,1,1,1,1,1,1,1,1,1,1
153352035787,10185,1,1,1,1,1,1,1,1,1,1,1,1,1,1,1,1
153352101009,10187,1,1,1,1,1,1,1,1,1,1,1,1,1,1,1,1
153352177299,10188,1,1,1,1,1,1,1,1,1,1,1,1,1,1,1,1
153352202085,10189,1,1,1,1,1,1,1,1,1,1,1,1,1,1,1,1
153352228539,10191,1,1,1,1,1,1,1,1,1,1,1,1,1,1,1,1
153352284493,10193,1,1,1,1,1,1,1,1,1,1,1,1,1,1,1,1
153352316985,10194,1,1,1,1,1,1,1,1,1,1,1,1,1,1,1,1
153352348273,10195,1,1,1,1,1,1,1,1,1,1,1,1,1,1,1,1
153352380695,10196,1,1,1,1,1,1,1,1,1,1,1,1,1,1,1,1
153352412091,10197,1,1,1,1,1,1,1,1,1,1,1,1,1,1,1,1
153352444594,10198,1,1,1,1,1,1,1,1,1,1,1,1,1,1,1,1
153352472539,10199,1,1,1,1,1,1,1,1,1,1,1,1,1,1,1,1
153352550401,10200,1,1,1,1,1,1,1,1,1,1,1,1,1,1,1,1
153352629724,10204,1,1,1,1,1,1,1,1,1,1,1,1,1,1,1,1
153352659537,10205,1,1,1,1,1,1,1,1,1,1,1,1,1,1,1,1
153352746974,10207,1,1,1,1,1,1,1,1,1,1,1,1,1,1,1,1
153352755779,10208,1,1,1,1,1,1,1,1,1,1,1,1,1,1,1,1
153352787195,10209,1,1,1,1,1,1,1,1,1,1,1,1,1,1,1,1
153352823420,10210,1,1,1,1,1,1,1,1,1,1,1,1,1,1,1,1
153352953228,10212,1,1,1,1,1,1,1,1,1,1,1,1,1,1,1,1
153352960877,10213,1,1,1,1,1,1,1,1,1,1,1,1,1,1,1,1
153353000802,10215,1,1,1,1,1,1,1,1,1,1,1,1,1,1,1,1
153353028632,10216,1,1,1,1,1,1,1,1,1,1,1,1,1,1,1,1
153353066005,10218,1,1,1,1,1,1,1,1,1,1,1,1,1,1,1,1
153353097121,10219,1,1,1,1,1,1,1,1,1,1,1,1,1,1,1,1
153353128366,10220,1,1,1,1,1,1,1,1,1,1,1,1,1,1,1,1
153353163372,10221,1,1,1,1,1,1,1,1,1,1,1,1,1,1,1,1
153353197092,10222,1,1,1,1,1,1,1,1,1,1,1,1,1,1,1,1
153353263348,10223,1,1,1,1,1,1,1,1,1,1,1,1,1,1,1,1
153353300440,10225,1,1,1,1,1,1,1,1,1,1,1,1,1,1,1,1
153353315150,10226,1,1,1,1,1,1,1,1,1,1,1,1,1,1,1,1
153353382149,10228,1,1,1,1,1,1,1,1,1,1,1,1,1,1,1,1
153353412063,10229,1,1,1,1,1,1,1,1,1,1,1,1,1,1,1,1
153353441959,10230,1,1,1,1,1,1,1,1,1,1,1,1,1,1,1,1
153353473278,10231,1,1,1,1,1,1,1,1,1,1,1,1,1,1,1,1
153353538438,10233,1,1,1,1,1,1,1,1,1,1,1,1,1,1,1,1
153353678704,10236,1,1,1,1,1,1,1,1,1,1,1,1,1,1,1,1
153353687234,10237,1,1,1,1,1,1,1,1,1,1,1,1,1,1,1,1
153353723371,10239,1,1,1,1,1,1,1,1,1,1,1,1,1,1,1,1
153353754696,10240,1,1,1,1,1,1,1,1,1,1,1,1,1,1,1,1
153353784631,10241,1,1,1,1,1,1,1,1,1,1,1,1,1,1,1,1
153353818514,10242,1,1,1,1,1,1,1,1,1,1,1,1,1,1,1,1
153353878337,10244,1,1,1,1,1,1,1,1,1,1,1,1,1,1,1,1
153353908412,10245,1,1,1,1,1,1,1,1,1,1,1,1,1,1,1,1
153353964573,10246,1,1,1,1,1,1,1,1,1,1,1,1,1,1,1,1
153354015134,10247,1,1,1,1,1,1,1,1,1,1,1,1,1,1,1,1
153354070695,10249,1,1,1,1,1,1,1,1,1,1,1,1,1,1,1,1
153354079614,10250,1,1,1,1,1,1,1,1,1,1,1,1,1,1,1,1
153354100888,10251,1,1,1,1,1,1,1,1,1,1,1,1,1,1,1,1
153354129591,10252,1,1,1,1,1,1,1,1,1,1,1,1,1,1,1,1
153354160929,10253,1,1,1,1,1,1,1,1,1,1,1,1,1,1,1,1
153354192124,10254,1,1,1,1,1,1,1,1,1,1,1,1,1,1,1,1
153354222022,10255,1,1,1,1,1,1,1,1,1,1,1,1,1,1,1,1
153354253399,10256,1,1,1,1,1,1,1,1,1,1,1,1,1,1,1,1
153354285791,10257,1,1,1,1,1,1,1,1,1,1,1,1,1,1,1,1
153354399549,10259,1,1,1,1,1,1,1,1,1,1,1,1,1,1,1,1
153354422046,10260,1,1,1,1,1,1,1,1,1,1,1,1,1,1,1,1
153354429490,10261,1,1,1,1,1,1,1,1,1,1,1,1,1,1,1,1
153354467190,10262,1,1,1,1,1,1,1,1,1,1,1,1,1,1,1,1
153354505122,10264,1,1,1,1,1,1,1,1,1,1,1,1,1,1,1,1
153354598489,10267,1,1,1,1,1,1,1,1,1,1,1,1,1,1,1,1
153354629492,10268,1,1,1,1,1,1,1,1,1,1,1,1,1,1,1,1
153354665780,10269,1,1,1,1,1,1,1,1,1,1,1,1,1,1,1,1
153354708336,10270,1,1,1,1,1,1,1,1,1,1,1,1,1,1,1,1
153354772039,10271,1,1,1,1,1,1,1,1,1,1,1,1,1,1,1,1
153354779567,10272,1,1,1,1,1,1,1,1,1,1,1,1,1,1,1,1
153354787125,10273,1,1,1,1,1,1,1,1,1,1,1,1,1,1,1,1
153354907830,10277,1,1,1,1,1,1,1,1,1,1,1,1,1,1,1,1
153354939650,10278,1,1,1,1,1,1,1,1,1,1,1,1,1,1,1,1
153355000905,10280,1,1,1,1,1,1,1,1,1,1,1,1,1,1,1,1
153355033407,10281,1,1,1,1,1,1,1,1,1,1,1,1,1,1,1,1
153355119567,10282,1,1,1,1,1,1,1,1,1,1,1,1,1,1,1,1
153355128285,10283,1,1,1,1,1,1,1,1,1,1,1,1,1,1,1,1
153355160826,10285,1,1,1,1,1,1,1,1,1,1,1,1,1,1,1,1
153355190777,10286,1,1,1,1,1,1,1,1,1,1,1,1,1,1,1,1
153355252141,10288,1,1,1,1,1,1,1,1,1,1,1,1,1,1,1,1
153355307050,10289,1,1,1,1,1,1,1,1,1,1,1,1,1,1,1,1
153355344727,10291,1,1,1,1,1,1,1,1,1,1,1,1,1,1,1,1
153355377128,10292,1,1,1,1,1,1,1,1,1,1,1,1,1,1,1,1
153355410753,10293,1,1,1,1,1,1,1,1,1,1,1,1,1,1,1,1
153355506990,10294,1,1,1,1,1,1,1,1,1,1,1,1,1,1,1,1
153355515737,10295,1,1,1,1,1,1,1,1,1,1,1,1,1,1,1,1
153355524530,10296,1,1,1,1,1,1,1,1,1,1,1,1,1,1,1,1
153355572074,10298,1,1,1,1,1,1,1,1,1,1,1,1,1,1,1,1
153355603229,10299,1,1,1,1,1,1,1,1,1,1,1,1,1,1,1,1
153355660770,10301,1,1,1,1,1,1,1,1,1,1,1,1,1,1,1,1
153355693267,10302,1,1,1,1,1,1,1,1,1,1,1,1,1,1,1,1
153355723416,10303,1,1,1,1,1,1,1,1,1,1,1,1,1,1,1,1
153355757246,10304,1,1,1,1,1,1,1,1,1,1,1,1,1,1,1,1
153355939635,10309,1,1,1,1,1,1,1,1,1,1,1,1,1,1,1,1
153355947143,10310,1,1,1,1,1,1,1,1,1,1,1,1,1,1,1,1
153356000805,10312,1,1,1,1,1,1,1,1,1,1,1,1,1,1,1,1
153356037136,10313,1,1,1,1,1,1,1,1,1,1,1,1,1,1,1,1
153356067090,10314,1,1,1,1,1,1,1,1,1,1,1,1,1,1,1,1
153356097103,10315,1,1,1,1,1,1,1,1,1,1,1,1,1,1,1,1
153356130982,10316,1,1,1,1,1,1,1,1,1,1,1,1,1,1,1,1
153356224651,10317,1,1,1,1,1,1,1,1,1,1,1,1,1,1,1,1
153356263402,10318,1,1,1,1,1,1,1,1,1,1,1,1,1,1,1,1
153356272013,10319,1,1,1,1,1,1,1,1,1,1,1,1,1,1,1,1
153356280808,10320,1,1,1,1,1,1,1,1,1,1,1,1,1,1,1,1
153356352023,10323,1,1,1,1,1,1,1,1,1,1,1,1,1,1,1,1
153356379464,10324,1,1,1,1,1,1,1,1,1,1,1,1,1,1,1,1
153356419552,10325,1,1,1,1,1,1,1,1,1,1,1,1,1,1,1,1
153356448302,10326,1,1,1,1,1,1,1,1,1,1,1,1,1,1,1,1
153356501518,10328,1,1,1,1,1,1,1,1,1,1,1,1,1,1,1,1
153356639586,10330,1,1,1,1,1,1,1,1,1,1,1,1,1,1,1,1
153356649575,10331,1,1,1,1,1,1,1,1,1,1,1,1,1,1,1,1
153356709682,10333,1,1,1,1,1,1,1,1,1,1,1,1,1,1,1,1
153356733377,10334,1,1,1,1,1,1,1,1,1,1,1,1,1,1,1,1
153356745877,10335,1,1,1,1,1,1,1,1,1,1,1,1,1,1,1,1
153356775776,10336,1,1,1,1,1,1,1,1,1,1,1,1,1,1,1,1
153356883254,10340,1,1,1,1,1,1,1,1,1,1,1,1,1,1,1,1
153356938408,10341,1,1,1,1,1,1,1,1,1,1,1,1,1,1,1,1
153356983301,10342,1,1,1,1,1,1,1,1,1,1,1,1,1,1,1,1
153356992097,10343,1,1,1,1,1,1,1,1,1,1,1,1,1,1,1,1
153357012111,10344,1,1,1,1,1,1,1,1,1,1,1,1,1,1,1,1
153357039521,10345,1,1,1,1,1,1,1,1,1,1,1,1,1,1,1,1
153357068226,10346,1,1,1,1,1,1,1,1,1,1,1,1,1,1,1,1
153357160755,10349,1,1,1,1,1,1,1,1,1,1,1,1,1,1,1,1
153357219524,10350,1,1,1,1,1,1,1,1,1,1,1,1,1,1,1,1
153357228417,10351,1,1,1,1,1,1,1,1,1,1,1,1,1,1,1,1
153357335860,10353,1,1,1,1,1,1,1,1,1,1,1,1,1,1,1,1
153357343087,10354,1,1,1,1,1,1,1,1,1,1,1,1,1,1,1,1
153357352093,10355,1,1,1,1,1,1,1,1,1,1,1,1,1,1,1,1
153357385886,10356,1,1,1,1,1,1,1,1,1,1,1,1,1,1,1,1
153357414618,10357,1,1,1,1,1,1,1,1,1,1,1,1,1,1,1,1
153357448304,10358,1,1,1,1,1,1,1,1,1,1,1,1,1,1,1,1
153357480861,10359,1,1,1,1,1,1,1,1,1,1,1,1,1,1,1,1
153357508215,10360,1,1,1,1,1,1,1,1,1,1,1,1,1,1,1,1
153357537078,10361,1,1,1,1,1,1,1,1,1,1,1,1,1,1,1,1
153357565742,10362,1,1,1,1,1,1,1,1,1,1,1,1,1,1,1,1
153357648296,10364,1,1,1,1,1,1,1,1,1,1,1,1,1,1,1,1
153357719643,10365,1,1,1,1,1,1,1,1,1,1,1,1,1,1,1,1
153357728286,10366,1,1,1,1,1,1,1,1,1,1,1,1,1,1,1,1
153357735861,10367,1,1,1,1,1,1,1,1,1,1,1,1,1,1,1,1
153357785809,10369,1,1,1,1,1,1,1,1,1,1,1,1,1,1,1,1
153357903354,10372,1,1,1,1,1,1,1,1,1,1,1,1,1,1,1,1
153357912028,10373,1,1,1,1,1,1,1,1,1,1,1,1,1,1,1,1
153357959620,10374,1,1,1,1,1,1,1,1,1,1,1,1,1,1,1,1
153357975929,10375,1,1,1,1,1,1,1,1,1,1,1,1,1,1,1,1
153358054641,10376,1,1,1,1,1,1,1,1,1,1,1,1,1,1,1,1
153358080861,10377,1,1,1,1,1,1,1,1,1,1,1,1,1,1,1,1
153358089681,10378,1,1,1,1,1,1,1,1,1,1,1,1,1,1,1,1
153358190735,10382,1,1,1,1,1,1,1,1,1,1,1,1,1,1,1,1
153358223227,10383,1,1,1,1,1,1,1,1,1,1,1,1,1,1,1,1
153358288342,10385,1,1,1,1,1,1,1,1,1,1,1,1,1,1,1,1
153358319570,10386,1,1,1,1,1,1,1,1,1,1,1,1,1,1,1,1
153358350799,10387,1,1,1,1,1,1,1,1,1,1,1,1,1,1,1,1
153358430945,10388,1,1,1,1,1,1,1,1,1,1,1,1,1,1,1,1
153358457108,10390,1,1,1,1,1,1,1,1,1,1,1,1,1,1,1,1
153358498389,10391,1,1,1,1,1,1,1,1,1,1,1,1,1,1,1,1
153358507153,10392,1,1,1,1,1,1,1,1,1,1,1,1,1,1,1,1
153358539687,10393,1,1,1,1,1,1,1,1,1,1,1,1,1,1,1,1
153358573433,10394,1,1,1,1,1,1,1,1,1,1,1,1,1,1,1,1
153358635918,10396,1,1,1,1,1,1,1,1,1,1,1,1,1,1,1,1
153358657011,10397,1,1,1,1,1,1,1,1,1,1,1,1,1,1,1,1
153358758306,10398,1,1,1,1,1,1,1,1,1,1,1,1,1,1,1,1
153358784673,10399,1,1,1,1,1,1,1,1,1,1,1,1,1,1,1,1
153358839556,10401,1,1,1,1,1,1,1,1,1,1,1,1,1,1,1,1
153358883394,10403,1,1,1,1,1,1,1,1,1,1,1,1,1,1,1,1
153358907137,10404,1,1,1,1,1,1,1,1,1,1,1,1,1,1,1,1
153358968446,10406,1,1,1,1,1,1,1,1,1,1,1,1,1,1,1,1
153358987057,10407,1,1,1,1,1,1,1,1,1,1,1,1,1,1,1,1
153359019554,10408,1,1,1,1,1,1,1,1,1,1,1,1,1,1,1,1
153359041003,10409,1,1,1,1,1,1,1,1,1,1,1,1,1,1,1,1
153359212179,10412,1,1,1,1,1,1,1,1,1,1,1,1,1,1,1,1
153359227733,10414,1,1,1,1,1,1,1,1,1,1,1,1,1,1,1,1
153359260682,10415,1,1,1,1,1,1,1,1,1,1,1,1,1,1,1,1
153359298286,10417,1,1,1,1,1,1,1,1,1,1,1,1,1,1,1,1
153359314595,10418,1,1,1,1,1,1,1,1,1,1,1,1,1,1,1,1
153359344611,10419,1,1,1,1,1,1,1,1,1,1,1,1,1,1,1,1
153359377086,10420,1,1,1,1,1,1,1,1,1,1,1,1,1,1,1,1
153359453254,10422,1,1,1,1,1,1,1,1,1,1,1,1,1,1,1,1
153359554563,10423,1,1,1,1,1,1,1,1,1,1,1,1,1,1,1,1
153359561989,10424,1,1,1,1,1,1,1,1,1,1,1,1,1,1,1,1
153359573274,10425,1,1,1,1,1,1,1,1,1,1,1,1,1,1,1,1
153359635754,10428,1,1,1,1,1,1,1,1,1,1,1,1,1,1,1,1
153359664610,10429,1,1,1,1,1,1,1,1,1,1,1,1,1,1,1,1
153359693347,10430,1,1,1,1,1,1,1,1,1,1,1,1,1,1,1,1
153359723396,10431,1,1,1,1,1,1,1,1,1,1,1,1,1,1,1,1
153359793345,10433,1,1,1,1,1,1,1,1,1,1,1,1,1,1,1,1
153359819587,10434,1,1,1,1,1,1,1,1,1,1,1,1,1,1,1,1
153359897088,10435,1,1,1,1,1,1,1,1,1,1,1,1,1,1,1,1
153359923402,10436,1,1,1,1,1,1,1,1,1,1,1,1,1,1,1,1
153359948326,10438,1,1,1,1,1,1,1,1,1,1,1,1,1,1,1,1
153359977057,10439,1,1,1,1,1,1,1,1,1,1,1,1,1,1,1,1
153360002051,10440,1,1,1,1,1,1,1,1,1,1,1,1,1,1,1,1
153360035761,10441,1,1,1,1,1,1,1,1,1,1,1,1,1,1,1,1
153360100384,10443,1,1,1,1,1,1,1,1,1,1,1,1,1,1,1,1
153360169501,10445,1,1,1,1,1,1,1,1,1,1,1,1,1,1,1,1
153360192193,10446,1,1,1,1,1,1,1,1,1,1,1,1,1,1,1,1
153360293386,10447,1,1,1,1,1,1,1,1,1,1,1,1,1,1,1,1
153360305964,10448,1,1,1,1,1,1,1,1,1,1,1,1,1,1,1,1
153360315902,10449,1,1,1,1,1,1,1,1,1,1,1,1,1,1,1,1
153360345850,10450,1,1,1,1,1,1,1,1,1,1,1,1,1,1,1,1
153360363653,10451,1,1,1,1,1,1,1,1,1,1,1,1,1,1,1,1
153360449606,10454,1,1,1,1,1,1,1,1,1,1,1,1,1,1,1,1
153360473427,10455,1,1,1,1,1,1,1,1,1,1,1,1,1,1,1,1
153360502947,10456,1,1,1,1,1,1,1,1,1,1,1,1,1,1,1,1
153360617050,10458,1,1,1,1,1,1,1,1,1,1,1,1,1,1,1,1
153360652016,10459,1,1,1,1,1,1,1,1,1,1,1,1,1,1,1,1
153360659530,10460,1,1,1,1,1,1,1,1,1,1,1,1,1,1,1,1
153360668245,10461,1,1,1,1,1,1,1,1,1,1,1,1,1,1,1,1
153360694545,10462,1,1,1,1,1,1,1,1,1,1,1,1,1,1,1,1
153360723256,10463,1,1,1,1,1,1,1,1,1,1,1,1,1,1,1,1
153360755779,10464,1,1,1,1,1,1,1,1,1,1,1,1,1,1,1,1
153360785726,10465,1,1,1,1,1,1,1,1,1,1,1,1,1,1,1,1
153360820041,10466,1,1,1,1,1,1,1,1,1,1,1,1,1,1,1,1
153360858450,10467,1,1,1,1,1,1,1,1,1,1,1,1,1,1,1,1
153360887025,10468,1,1,1,1,1,1,1,1,1,1,1,1,1,1,1,1
153361004663,10470,1,1,1,1,1,1,1,1,1,1,1,1,1,1,1,1
153361023331,10471,1,1,1,1,1,1,1,1,1,1,1,1,1,1,1,1
153361054644,10472,1,1,1,1,1,1,1,1,1,1,1,1,1,1,1,1
153361082019,10474,1,1,1,1,1,1,1,1,1,1,1,1,1,1,1,1
153361171297,10477,1,1,1,1,1,1,1,1,1,1,1,1,1,1,1,1
153361190856,10478,1,1,1,1,1,1,1,1,1,1,1,1,1,1,1,1
153361229620,10479,1,1,1,1,1,1,1,1,1,1,1,1,1,1,1,1
153361265939,10480,1,1,1,1,1,1,1,1,1,1,1,1,1,1,1,1
153361317058,10481,1,1,1,1,1,1,1,1,1,1,1,1,1,1,1,1
153361371895,10482,1,1,1,1,1,1,1,1,1,1,1,1,1,1,1,1
153361394598,10483,1,1,1,1,1,1,1,1,1,1,1,1,1,1,1,1
153361478386,10487,1,1,1,1,1,1,1,1,1,1,1,1,1,1,1,1
153361512182,10488,1,1,1,1,1,1,1,1,1,1,1,1,1,1,1,1
153361549655,10489,1,1,1,1,1,1,1,1,1,1,1,1,1,1,1,1
153361565742,10490,1,1,1,1,1,1,1,1,1,1,1,1,1,1,1,1
153361603243,10491,1,1,1,1,1,1,1,1,1,1,1,1,1,1,1,1
153361632087,10492,1,1,1,1,1,1,1,1,1,1,1,1,1,1,1,1
153361665789,10493,1,1,1,1,1,1,1,1,1,1,1,1,1,1,1,1
153361778516,10495,1,1,1,1,1,1,1,1,1,1,1,1,1,1,1,1
153361786951,10496,1,1,1,1,1,1,1,1,1,1,1,1,1,1,1,1
153361839779,10498,1,1,1,1,1,1,1,1,1,1,1,1,1,1,1,1
153361873334,10499,1,1,1,1,1,1,1,1,1,1,1,1,1,1,1,1
153361914531,10501,1,1,1,1,1,1,1,1,1,1,1,1,1,1,1,1
153361943293,10502,1,1,1,1,1,1,1,1,1,1,1,1,1,1,1,1
153361974599,10503,1,1,1,1,1,1,1,1,1,1,1,1,1,1,1,1
153362005685,10504,1,1,1,1,1,1,1,1,1,1,1,1,1,1,1,1
153362123375,10506,1,1,1,1,1,1,1,1,1,1,1,1,1,1,1,1
153362148204,10508,1,1,1,1,1,1,1,1,1,1,1,1,1,1,1,1
153362164655,10509,1,1,1,1,1,1,1,1,1,1,1,1,1,1,1,1
153362248322,10511,1,1,1,1,1,1,1,1,1,1,1,1,1,1,1,1
153362258166,10512,1,1,1,1,1,1,1,1,1,1,1,1,1,1,1,1
153362285763,10513,1,1,1,1,1,1,1,1,1,1,1,1,1,1,1,1
153362340772,10514,1,1,1,1,1,1,1,1,1,1,1,1,1,1,1,1
153362347049,10515,1,1,1,1,1,1,1,1,1,1,1,1,1,1,1,1
153362509705,10519,1,1,1,1,1,1,1,1,1,1,1,1,1,1,1,1
153362518798,10520,1,1,1,1,1,1,1,1,1,1,1,1,1,1,1,1
153362539772,10521,1,1,1,1,1,1,1,1,1,1,1,1,1,1,1,1
153362570696,10522,1,1,1,1,1,1,1,1,1,1,1,1,1,1,1,1
153362600862,10523,1,1,1,1,1,1,1,1,1,1,1,1,1,1,1,1
153362631984,10524,1,1,1,1,1,1,1,1,1,1,1,1,1,1,1,1
153362667119,10525,1,1,1,1,1,1,1,1,1,1,1,1,1,1,1,1
153362730747,10527,1,1,1,1,1,1,1,1,1,1,1,1,1,1,1,1
153362753755,10528,1,1,1,1,1,1,1,1,1,1,1,1,1,1,1,1
153362809463,10529,1,1,1,1,1,1,1,1,1,1,1,1,1,1,1,1
153362858087,10530,1,1,1,1,1,1,1,1,1,1,1,1,1,1,1,1
153362909666,10533,1,1,1,1,1,1,1,1,1,1,1,1,1,1,1,1
153362975850,10534,1,1,1,1,1,1,1,1,1,1,1,1,1,1,1,1
153362982264,10535,1,1,1,1,1,1,1,1,1,1,1,1,1,1,1,1
153363013199,10536,1,1,1,1,1,1,1,1,1,1,1,1,1,1,1,1
153363065755,10538,1,1,1,1,1,1,1,1,1,1,1,1,1,1,1,1
153363132007,10540,1,1,1,1,1,1,1,1,1,1,1,1,1,1,1,1
153363230881,10541,1,1,1,1,1,1,1,1,1,1,1,1,1,1,1,1
153363249584,10543,1,1,1,1,1,1,1,1,1,1,1,1,1,1,1,1
153363283373,10544,1,1,1,1,1,1,1,1,1,1,1,1,1,1,1,1
153363292658,10545,1,1,1,1,1,1,1,1,1,1,1,1,1,1,1,1
153363314707,10546,1,1,1,1,1,1,1,1,1,1,1,1,1,1,1,1
153363453548,10550,1,1,1,1,1,1,1,1,1,1,1,1,1,1,1,1
153363480877,10551,1,1,1,1,1,1,1,1,1,1,1,1,1,1,1,1
153363525764,10552,1,1,1,1,1,1,1,1,1,1,1,1,1,1,1,1
153363627141,10553,1,1,1,1,1,1,1,1,1,1,1,1,1,1,1,1
153363635784,10554,1,1,1,1,1,1,1,1,1,1,1,1,1,1,1,1
153363643215,10555,1,1,1,1,1,1,1,1,1,1,1,1,1,1,1,1
153363658213,10556,1,1,1,1,1,1,1,1,1,1,1,1,1,1,1,1
153363724666,10559,1,1,1,1,1,1,1,1,1,1,1,1,1,1,1,1
153363757152,10560,1,1,1,1,1,1,1,1,1,1,1,1,1,1,1,1
153363787062,10561,1,1,1,1,1,1,1,1,1,1,1,1,1,1,1,1
153363817042,10562,1,1,1,1,1,1,1,1,1,1,1,1,1,1,1,1
153363850590,10563,1,1,1,1,1,1,1,1,1,1,1,1,1,1,1,1
153363930085,10564,1,1,1,1,1,1,1,1,1,1,1,1,1,1,1,1
153363949591,10565,1,1,1,1,1,1,1,1,1,1,1,1,1,1,1,1
153363957110,10566,1,1,1,1,1,1,1,1,1,1,1,1,1,1,1,1
153364008168,10568,1,1,1,1,1,1,1,1,1,1,1,1,1,1,1,1
153364036945,10569,1,1,1,1,1,1,1,1,1,1,1,1,1,1,1,1
153364067120,10570,1,1,1,1,1,1,1,1,1,1,1,1,1,1,1,1
153364090425,10571,1,1,1,1,1,1,1,1,1,1,1,1,1,1,1,1
153364127071,10572,1,1,1,1,1,1,1,1,1,1,1,1,1,1,1,1
153364223364,10575,1,1,1,1,1,1,1,1,1,1,1,1,1,1,1,1
153364300084,10576,1,1,1,1,1,1,1,1,1,1,1,1,1,1,1,1
153364349614,10577,1,1,1,1,1,1,1,1,1,1,1,1,1,1,1,1
153364384539,10579,1,1,1,1,1,1,1,1,1,1,1,1,1,1,1,1
153364449717,10582,1,1,1,1,1,1,1,1,1,1,1,1,1,1,1,1
153364469034,10583,1,1,1,1,1,1,1,1,1,1,1,1,1,1,1,1
153364499426,10584,1,1,1,1,1,1,1,1,1,1,1,1,1,1,1,1
153364532025,10585,1,1,1,1,1,1,1,1,1,1,1,1,1,1,1,1
153364564609,10586,1,1,1,1,1,1,1,1,1,1,1,1,1,1,1,1
153364600693,10587,1,1,1,1,1,1,1,1,1,1,1,1,1,1,1,1
153364692089,10588,1,1,1,1,1,1,1,1,1,1,1,1,1,1,1,1
153364700766,10589,1,1,1,1,1,1,1,1,1,1,1,1,1,1,1,1
153364776863,10592,1,1,1,1,1,1,1,1,1,1,1,1,1,1,1,1
153364789650,10593,1,1,1,1,1,1,1,1,1,1,1,1,1,1,1,1
153364821949,10594,1,1,1,1,1,1,1,1,1,1,1,1,1,1,1,1
153364853255,10595,1,1,1,1,1,1,1,1,1,1,1,1,1,1,1,1
153364886003,10596,1,1,1,1,1,1,1,1,1,1,1,1,1,1,1,1
153364908139,10597,1,1,1,1,1,1,1,1,1,1,1,1,1,1,1,1
153364942093,10598,1,1,1,1,1,1,1,1,1,1,1,1,1,1,1,1
153365047170,10600,1,1,1,1,1,1,1,1,1,1,1,1,1,1,1,1
153365053112,10601,1,1,1,1,1,1,1,1,1,1,1,1,1,1,1,1
153365101964,10603,1,1,1,1,1,1,1,1,1,1,1,1,1,1,1,1
153365129627,10604,1,1,1,1,1,1,1,1,1,1,1,1,1,1,1,1
153365196997,10606,1,1,1,1,1,1,1,1,1,1,1,1,1,1,1,1
153365225693,10607,1,1,1,1,1,1,1,1,1,1,1,1,1,1,1,1
153365254627,10608,1,1,1,1,1,1,1,1,1,1,1,1,1,1,1,1
153365287707,10609,1,1,1,1,1,1,1,1,1,1,1,1,1,1,1,1
153365393266,10611,1,1,1,1,1,1,1,1,1,1,1,1,1,1,1,1
153365440891,10613,1,1,1,1,1,1,1,1,1,1,1,1,1,1,1,1
153365448254,10614,1,1,1,1,1,1,1,1,1,1,1,1,1,1,1,1
153365508263,10616,1,1,1,1,1,1,1,1,1,1,1,1,1,1,1,1
153365543344,10617,1,1,1,1,1,1,1,1,1,1,1,1,1,1,1,1
153365570747,10618,1,1,1,1,1,1,1,1,1,1,1,1,1,1,1,1
153365599466,10619,1,1,1,1,1,1,1,1,1,1,1,1,1,1,1,1
153365790757,10624,1,1,1,1,1,1,1,1,1,1,1,1,1,1,1,1
153365799521,10625,1,1,1,1,1,1,1,1,1,1,1,1,1,1,1,1
153365852079,10627,1,1,1,1,1,1,1,1,1,1,1,1,1,1,1,1
153365883242,10628,1,1,1,1,1,1,1,1,1,1,1,1,1,1,1,1
153365912007,10629,1,1,1,1,1,1,1,1,1,1,1,1,1,1,1,1
153365955731,10630,1,1,1,1,1,1,1,1,1,1,1,1,1,1,1,1
153366012000,10632,1,1,1,1,1,1,1,1,1,1,1,1,1,1,1,1
153366039357,10633,1,1,1,1,1,1,1,1,1,1,1,1,1,1,1,1
153366062612,10634,1,1,1,1,1,1,1,1,1,1,1,1,1,1,1,1
153366139394,10635,1,1,1,1,1,1,1,1,1,1,1,1,1,1,1,1
153366216901,10638,1,1,1,1,1,1,1,1,1,1,1,1,1,1,1,1
153366247167,10639,1,1,1,1,1,1,1,1,1,1,1,1,1,1,1,1
153366255748,10640,1,1,1,1,1,1,1,1,1,1,1,1,1,1,1,1
153366285698,10641,1,1,1,1,1,1,1,1,1,1,1,1,1,1,1,1
153366319540,10642,1,1,1,1,1,1,1,1,1,1,1,1,1,1,1,1
153366354505,10643,1,1,1,1,1,1,1,1,1,1,1,1,1,1,1,1
153366394566,10644,1,1,1,1,1,1,1,1,1,1,1,1,1,1,1,1
153366413185,10645,1,1,1,1,1,1,1,1,1,1,1,1,1,1,1,1
153366442559,10646,1,1,1,1,1,1,1,1,1,1,1,1,1,1,1,1
153366539338,10648,1,1,1,1,1,1,1,1,1,1,1,1,1,1,1,1
153366547047,10649,1,1,1,1,1,1,1,1,1,1,1,1,1,1,1,1
153366572005,10650,1,1,1,1,1,1,1,1,1,1,1,1,1,1,1,1
153366597114,10651,1,1,1,1,1,1,1,1,1,1,1,1,1,1,1,1
153366721987,10655,1,1,1,1,1,1,1,1,1,1,1,1,1,1,1,1
153366759551,10656,1,1,1,1,1,1,1,1,1,1,1,1,1,1,1,1
153366789365,10657,1,1,1,1,1,1,1,1,1,1,1,1,1,1,1,1
153366840846,10658,1,1,1,1,1,1,1,1,1,1,1,1,1,1,1,1
153366908431,10659,1,1,1,1,1,1,1,1,1,1,1,1,1,1,1,1
153366918478,10660,1,1,1,1,1,1,1,1,1,1,1,1,1,1,1,1
153366933291,10661,1,1,1,1,1,1,1,1,1,1,1,1,1,1,1,1
153367005808,10664,1,1,1,1,1,1,1,1,1,1,1,1,1,1,1,1
153367037022,10665,1,1,1,1,1,1,1,1,1,1,1,1,1,1,1,1
153367069555,10666,1,1,1,1,1,1,1,1,1,1,1,1,1,1,1,1
153367104618,10667,1,1,1,1,1,1,1,1,1,1,1,1,1,1,1,1
153367155816,10668,1,1,1,1,1,1,1,1,1,1,1,1,1,1,1,1
153367164368,10669,1,1,1,1,1,1,1,1,1,1,1,1,1,1,1,1
153367241870,10670,1,1,1,1,1,1,1,1,1,1,1,1,1,1,1,1
153367270723,10671,1,1,1,1,1,1,1,1,1,1,1,1,1,1,1,1
153367278412,10672,1,1,1,1,1,1,1,1,1,1,1,1,1,1,1,1
153367284437,10673,1,1,1,1,1,1,1,1,1,1,1,1,1,1,1,1
153367316199,10674,1,1,1,1,1,1,1,1,1,1,1,1,1,1,1,1
153367348255,10675,1,1,1,1,1,1,1,1,1,1,1,1,1,1,1,1
153367379578,10676,1,1,1,1,1,1,1,1,1,1,1,1,1,1,1,1
153367413376,10677,1,1,1,1,1,1,1,1,1,1,1,1,1,1,1,1
153367499888,10680,1,1,1,1,1,1,1,1,1,1,1,1,1,1,1,1
153367538226,10681,1,1,1,1,1,1,1,1,1,1,1,1,1,1,1,1
153367644622,10682,1,1,1,1,1,1,1,1,1,1,1,1,1,1,1,1
153367653214,10683,1,1,1,1,1,1,1,1,1,1,1,1,1,1,1,1
153367662344,10684,1,1,1,1,1,1,1,1,1,1,1,1,1,1,1,1
153367671603,10685,1,1,1,1,1,1,1,1,1,1,1,1,1,1,1,1
153367739461,10687,1,1,1,1,1,1,1,1,1,1,1,1,1,1,1,1
153367755850,10688,1,1,1,1,1,1,1,1,1,1,1,1,1,1,1,1
153367786986,10689,1,1,1,1,1,1,1,1,1,1,1,1,1,1,1,1
153367823248,10690,1,1,1,1,1,1,1,1,1,1,1,1,1,1,1,1
153367853299,10691,1,1,1,1,1,1,1,1,1,1,1,1,1,1,1,1
153367877102,10692,1,1,1,1,1,1,1,1,1,1,1,1,1,1,1,1
153367908463,10693,1,1,1,1,1,1,1,1,1,1,1,1,1,1,1,1
153368032603,10697,1,1,1,1,1,1,1,1,1,1,1,1,1,1,1,1
153368064097,10698,1,1,1,1,1,1,1,1,1,1,1,1,1,1,1,1
153368126958,10700,1,1,1,1,1,1,1,1,1,1,1,1,1,1,1,1
153368158252,10701,1,1,1,1,1,1,1,1,1,1,1,1,1,1,1,1
153368204848,10702,1,1,1,1,1,1,1,1,1,1,1,1,1,1,1,1
153368247075,10703,1,1,1,1,1,1,1,1,1,1,1,1,1,1,1,1
153368355784,10705,1,1,1,1,1,1,1,1,1,1,1,1,1,1,1,1
153368375665,10706,1,1,1,1,1,1,1,1,1,1,1,1,1,1,1,1
153368402127,10708,1,1,1,1,1,1,1,1,1,1,1,1,1,1,1,1
153368419368,10709,1,1,1,1,1,1,1,1,1,1,1,1,1,1,1,1
153368474057,10711,1,1,1,1,1,1,1,1,1,1,1,1,1,1,1,1
153368506897,10712,1,1,1,1,1,1,1,1,1,1,1,1,1,1,1,1
153368535870,10713,1,1,1,1,1,1,1,1,1,1,1,1,1,1,1,1
153368568296,10714,1,1,1,1,1,1,1,1,1,1,1,1,1,1,1,1
153368598360,10715,1,1,1,1,1,1,1,1,1,1,1,1,1,1,1,1
153368630774,10716,1,1,1,1,1,1,1,1,1,1,1,1,1,1,1,1
153368733261,10718,1,1,1,1,1,1,1,1,1,1,1,1,1,1,1,1
153368760898,10719,1,1,1,1,1,1,1,1,1,1,1,1,1,1,1,1
153368799467,10721,1,1,1,1,1,1,1,1,1,1,1,1,1,1,1,1
153368823116,10722,1,1,1,1,1,1,1,1,1,1,1,1,1,1,1,1
153368847162,10723,1,1,1,1,1,1,1,1,1,1,1,1,1,1,1,1
153368875370,10724,1,1,1,1,1,1,1,1,1,1,1,1,1,1,1,1
153369082284,10729,1,1,1,1,1,1,1,1,1,1,1,1,1,1,1,1
153369114550,10730,1,1,1,1,1,1,1,1,1,1,1,1,1,1,1,1
153369133464,10732,1,1,1,1,1,1,1,1,1,1,1,1,1,1,1,1
153369164606,10733,1,1,1,1,1,1,1,1,1,1,1,1,1,1,1,1
153369192118,10734,1,1,1,1,1,1,1,1,1,1,1,1,1,1,1,1
153369220915,10735,1,1,1,1,1,1,1,1,1,1,1,1,1,1,1,1
153369283090,10737,1,1,1,1,1,1,1,1,1,1,1,1,1,1,1,1
153369311931,10738,1,1,1,1,1,1,1,1,1,1,1,1,1,1,1,1
153369348450,10739,1,1,1,1,1,1,1,1,1,1,1,1,1,1,1,1
153369381967,10740,1,1,1,1,1,1,1,1,1,1,1,1,1,1,1,1
153369498297,10743,1,1,1,1,1,1,1,1,1,1,1,1,1,1,1,1
153369520780,10744,1,1,1,1,1,1,1,1,1,1,1,1,1,1,1,1
153369560632,10745,1,1,1,1,1,1,1,1,1,1,1,1,1,1,1,1
153369569509,10746,1,1,1,1,1,1,1,1,1,1,1,1,1,1,1,1
153369621571,10748,1,1,1,1,1,1,1,1,1,1,1,1,1,1,1,1
153369653083,10749,1,1,1,1,1,1,1,1,1,1,1,1,1,1,1,1
153369684301,10750,1,1,1,1,1,1,1,1,1,1,1,1,1,1,1,1
153369728495,10751,1,1,1,1,1,1,1,1,1,1,1,1,1,1,1,1
153369845797,10753,1,1,1,1,1,1,1,1,1,1,1,1,1,1,1,1
153369853250,10754,1,1,1,1,1,1,1,1,1,1,1,1,1,1,1,1
153369867009,10755,1,1,1,1,1,1,1,1,1,1,1,1,1,1,1,1
153369889472,10756,1,1,1,1,1,1,1,1,1,1,1,1,1,1,1,1
153370023694,10760,1,1,1,1,1,1,1,1,1,1,1,1,1,1,1,1
153370032075,10761,1,1,1,1,1,1,1,1,1,1,1,1,1,1,1,1
153370061846,10762,1,1,1,1,1,1,1,1,1,1,1,1,1,1,1,1
153370093173,10763,1,1,1,1,1,1,1,1,1,1,1,1,1,1,1,1
153370197142,10764,1,1,1,1,1,1,1,1,1,1,1,1,1,1,1,1
153370212053,10765,1,1,1,1,1,1,1,1,1,1,1,1,1,1,1,1
153370222132,10766,1,1,1,1,1,1,1,1,1,1,1,1,1,1,1,1
153370290721,10769,1,1,1,1,1,1,1,1,1,1,1,1,1,1,1,1
153370319563,10770,1,1,1,1,1,1,1,1,1,1,1,1,1,1,1,1
153370354591,10771,1,1,1,1,1,1,1,1,1,1,1,1,1,1,1,1
153370411007,10773,1,1,1,1,1,1,1,1,1,1,1,1,1,1,1,1
153370448808,10774,1,1,1,1,1,1,1,1,1,1,1,1,1,1,1,1
153370468791,10775,1,1,1,1,1,1,1,1,1,1,1,1,1,1,1,1
153370554372,10776,1,1,1,1,1,1,1,1,1,1,1,1,1,1,1,1
153370584463,10778,1,1,1,1,1,1,1,1,1,1,1,1,1,1,1,1
153370609619,10779,1,1,1,1,1,1,1,1,1,1,1,1,1,1,1,1
153370674524,10781,1,1,1,1,1,1,1,1,1,1,1,1,1,1,1,1
153370695730,10782,1,1,1,1,1,1,1,1,1,1,1,1,1,1,1,1
153370762089,10784,1,1,1,1,1,1,1,1,1,1,1,1,1,1,1,1
153370788114,10785,1,1,1,1,1,1,1,1,1,1,1,1,1,1,1,1
153370826048,10786,1,1,1,1,1,1,1,1,1,1,1,1,1,1,1,1
153370845400,10787,1,1,1,1,1,1,1,1,1,1,1,1,1,1,1,1
153370947148,10789,1,1,1,1,1,1,1,1,1,1,1,1,1,1,1,1
153371002043,10792,1,1,1,1,1,1,1,1,1,1,1,1,1,1,1,1
153371064609,10794,1,1,1,1,1,1,1,1,1,1,1,1,1,1,1,1
153371095677,10795,1,1,1,1,1,1,1,1,1,1,1,1,1,1,1,1
153371132036,10796,1,1,1,1,1,1,1,1,1,1,1,1,1,1,1,1
153371163237,10797,1,1,1,1,1,1,1,1,1,1,1,1,1,1,1,1
153371358232,10802,1,1,1,1,1,1,1,1,1,1,1,1,1,1,1,1
153371367025,10803,1,1,1,1,1,1,1,1,1,1,1,1,1,1,1,1
153371416947,10805,1,1,1,1,1,1,1,1,1,1,1,1,1,1,1,1
153371449567,10806,1,1,1,1,1,1,1,1,1,1,1,1,1,1,1,1
153371483175,10807,1,1,1,1,1,1,1,1,1,1,1,1,1,1,1,1
153371509573,10808,1,1,1,1,1,1,1,1,1,1,1,1,1,1,1,1
153371573181,10810,1,1,1,1,1,1,1,1,1,1,1,1,1,1,1,1
153371654748,10811,1,1,1,1,1,1,1,1,1,1,1,1,1,1,1,1
153371678841,10812,1,1,1,1,1,1,1,1,1,1,1,1,1,1,1,1
153371690843,10813,1,1,1,1,1,1,1,1,1,1,1,1,1,1,1,1
153371768204,10816,1,1,1,1,1,1,1,1,1,1,1,1,1,1,1,1
153371785802,10817,1,1,1,1,1,1,1,1,1,1,1,1,1,1,1,1
153371823144,10818,1,1,1,1,1,1,1,1,1,1,1,1,1,1,1,1
153371845885,10819,1,1,1,1,1,1,1,1,1,1,1,1,1,1,1,1
153371909623,10821,1,1,1,1,1,1,1,1,1,1,1,1,1,1,1,1
153372045700,10823,1,1,1,1,1,1,1,1,1,1,1,1,1,1,1,1
153372054617,10824,1,1,1,1,1,1,1,1,1,1,1,1,1,1,1,1
153372071924,10826,1,1,1,1,1,1,1,1,1,1,1,1,1,1,1,1
153372099046,10827,1,1,1,1,1,1,1,1,1,1,1,1,1,1,1,1
153372136571,10828,1,1,1,1,1,1,1,1,1,1,1,1,1,1,1,1
153372162013,10829,1,1,1,1,1,1,1,1,1,1,1,1,1,1,1,1
153372285781,10833,1,1,1,1,1,1,1,1,1,1,1,1,1,1,1,1
153372318263,10834,1,1,1,1,1,1,1,1,1,1,1,1,1,1,1,1
153372399984,10835,1,1,1,1,1,1,1,1,1,1,1,1,1,1,1,1
153372418649,10836,1,1,1,1,1,1,1,1,1,1,1,1,1,1,1,1
153372430936,10837,1,1,1,1,1,1,1,1,1,1,1,1,1,1,1,1
153372439307,10838,1,1,1,1,1,1,1,1,1,1,1,1,1,1,1,1
153372471841,10839,1,1,1,1,1,1,1,1,1,1,1,1,1,1,1,1
153372583392,10842,1,1,1,1,1,1,1,1,1,1,1,1,1,1,1,1
153372598257,10843,1,1,1,1,1,1,1,1,1,1,1,1,1,1,1,1
153372630695,10844,1,1,1,1,1,1,1,1,1,1,1,1,1,1,1,1
153372715765,10846,1,1,1,1,1,1,1,1,1,1,1,1,1,1,1,1
153372795710,10847,1,1,1,1,1,1,1,1,1,1,1,1,1,1,1,1
153372804548,10848,1,1,1,1,1,1,1,1,1,1,1,1,1,1,1,1
153372810572,10849,1,1,1,1,1,1,1,1,1,1,1,1,1,1,1,1
153372813948,10850,1,1,1,1,1,1,1,1,1,1,1,1,1,1,1,1
153372844388,10851,1,1,1,1,1,1,1,1,1,1,1,1,1,1,1,1
153372874331,10852,1,1,1,1,1,1,1,1,1,1,1,1,1,1,1,1
153372905844,10853,1,1,1,1,1,1,1,1,1,1,1,1,1,1,1,1
153372942029,10854,1,1,1,1,1,1,1,1,1,1,1,1,1,1,1,1
153372973216,10855,1,1,1,1,1,1,1,1,1,1,1,1,1,1,1,1
153373118264,10858,1,1,1,1,1,1,1,1,1,1,1,1,1,1,1,1
153373142008,10859,1,1,1,1,1,1,1,1,1,1,1,1,1,1,1,1
153373147783,10860,1,1,1,1,1,1,1,1,1,1,1,1,1,1,1,1
153373187133,10862,1,1,1,1,1,1,1,1,1,1,1,1,1,1,1,1
153373284610,10865,1,1,1,1,1,1,1,1,1,1,1,1,1,1,1,1
153373345862,10867,1,1,1,1,1,1,1,1,1,1,1,1,1,1,1,1
153373378277,10868,1,1,1,1,1,1,1,1,1,1,1,1,1,1,1,1
153373419465,10869,1,1,1,1,1,1,1,1,1,1,1,1,1,1,1,1
153373513344,10870,1,1,1,1,1,1,1,1,1,1,1,1,1,1,1,1
153373523117,10871,1,1,1,1,1,1,1,1,1,1,1,1,1,1,1,1
153373600028,10875,1,1,1,1,1,1,1,1,1,1,1,1,1,1,1,1
153373633361,10876,1,1,1,1,1,1,1,1,1,1,1,1,1,1,1,1
153373683997,10878,1,1,1,1,1,1,1,1,1,1,1,1,1,1,1,1
153373722016,10879,1,1,1,1,1,1,1,1,1,1,1,1,1,1,1,1
153373754549,10880,1,1,1,1,1,1,1,1,1,1,1,1,1,1,1,1
153373785775,10881,1,1,1,1,1,1,1,1,1,1,1,1,1,1,1,1
153373914478,10883,1,1,1,1,1,1,1,1,1,1,1,1,1,1,1,1
153373924497,10884,1,1,1,1,1,1,1,1,1,1,1,1,1,1,1,1
153373950742,10886,1,1,1,1,1,1,1,1,1,1,1,1,1,1,1,1
153373983237,10887,1,1,1,1,1,1,1,1,1,1,1,1,1,1,1,1
153374032433,10889,1,1,1,1,1,1,1,1,1,1,1,1,1,1,1,1
153374064336,10890,1,1,1,1,1,1,1,1,1,1,1,1,1,1,1,1
153374095636,10891,1,1,1,1,1,1,1,1,1,1,1,1,1,1,1,1
153374128226,10892,1,1,1,1,1,1,1,1,1,1,1,1,1,1,1,1
153374254597,10894,1,1,1,1,1,1,1,1,1,1,1,1,1,1,1,1
153374275664,10896,1,1,1,1,1,1,1,1,1,1,1,1,1,1,1,1
153374288878,10897,1,1,1,1,1,1,1,1,1,1,1,1,1,1,1,1
153374355749,10899,1,1,1,1,1,1,1,1,1,1,1,1,1,1,1,1
153374383515,10900,1,1,1,1,1,1,1,1,1,1,1,1,1,1,1,1
153374403858,10901,1,1,1,1,1,1,1,1,1,1,1,1,1,1,1,1
153374434417,10902,1,1,1,1,1,1,1,1,1,1,1,1,1,1,1,1
153374630832,10907,1,1,1,1,1,1,1,1,1,1,1,1,1,1,1,1
153374645858,10908,1,1,1,1,1,1,1,1,1,1,1,1,1,1,1,1
153374709599,10910,1,1,1,1,1,1,1,1,1,1,1,1,1,1,1,1
153374724598,10911,1,1,1,1,1,1,1,1,1,1,1,1,1,1,1,1
153374772390,10912,1,1,1,1,1,1,1,1,1,1,1,1,1,1,1,1
153374779633,10913,1,1,1,1,1,1,1,1,1,1,1,1,1,1,1,1
153374862101,10915,1,1,1,1,1,1,1,1,1,1,1,1,1,1,1,1
153374886836,10916,1,1,1,1,1,1,1,1,1,1,1,1,1,1,1,1
153374966004,10917,1,1,1,1,1,1,1,1,1,1,1,1,1,1,1,1
153374991989,10918,1,1,1,1,1,1,1,1,1,1,1,1,1,1,1,1
153375005715,10920,1,1,1,1,1,1,1,1,1,1,1,1,1,1,1,1
153375035709,10921,1,1,1,1,1,1,1,1,1,1,1,1,1,1,1,1
153375068137,10922,1,1,1,1,1,1,1,1,1,1,1,1,1,1,1,1
153375105766,10923,1,1,1,1,1,1,1,1,1,1,1,1,1,1,1,1
153375148349,10924,1,1,1,1,1,1,1,1,1,1,1,1,1,1,1,1
153375191635,10926,1,1,1,1,1,1,1,1,1,1,1,1,1,1,1,1
153375222515,10927,1,1,1,1,1,1,1,1,1,1,1,1,1,1,1,1
153375252904,10928,1,1,1,1,1,1,1,1,1,1,1,1,1,1,1,1
153375354417,10929,1,1,1,1,1,1,1,1,1,1,1,1,1,1,1,1
153375373194,10931,1,1,1,1,1,1,1,1,1,1,1,1,1,1,1,1
153375380724,10932,1,1,1,1,1,1,1,1,1,1,1,1,1,1,1,1
153375410906,10933,1,1,1,1,1,1,1,1,1,1,1,1,1,1,1,1
153375441962,10934,1,1,1,1,1,1,1,1,1,1,1,1,1,1,1,1
153375473224,10935,1,1,1,1,1,1,1,1,1,1,1,1,1,1,1,1
153375564233,10938,1,1,1,1,1,1,1,1,1,1,1,1,1,1,1,1
153375600942,10939,1,1,1,1,1,1,1,1,1,1,1,1,1,1,1,1
153375630660,10940,1,1,1,1,1,1,1,1,1,1,1,1,1,1,1,1
153375712377,10941,1,1,1,1,1,1,1,1,1,1,1,1,1,1,1,1
153375722050,10942,1,1,1,1,1,1,1,1,1,1,1,1,1,1,1,1
153375732025,10943,1,1,1,1,1,1,1,1,1,1,1,1,1,1,1,1
153375780701,10944,1,1,1,1,1,1,1,1,1,1,1,1,1,1,1,1
153375789458,10945,1,1,1,1,1,1,1,1,1,1,1,1,1,1,1,1
153375849483,10947,1,1,1,1,1,1,1,1,1,1,1,1,1,1,1,1
153375880761,10948,1,1,1,1,1,1,1,1,1,1,1,1,1,1,1,1
153375911986,10949,1,1,1,1,1,1,1,1,1,1,1,1,1,1,1,1
153375970389,10951,1,1,1,1,1,1,1,1,1,1,1,1,1,1,1,1
153376023858,10952,1,1,1,1,1,1,1,1,1,1,1,1,1,1,1,1
153376085793,10953,1,1,1,1,1,1,1,1,1,1,1,1,1,1,1,1
153376095740,10954,1,1,1,1,1,1,1,1,1,1,1,1,1,1,1,1
153376133231,10956,1,1,1,1,1,1,1,1,1,1,1,1,1,1,1,1
153376164634,10957,1,1,1,1,1,1,1,1,1,1,1,1,1,1,1,1
153376202091,10958,1,1,1,1,1,1,1,1,1,1,1,1,1,1,1,1
153376224465,10959,1,1,1,1,1,1,1,1,1,1,1,1,1,1,1,1
153376256899,10960,1,1,1,1,1,1,1,1,1,1,1,1,1,1,1,1
153376289706,10961,1,1,1,1,1,1,1,1,1,1,1,1,1,1,1,1
153376320692,10962,1,1,1,1,1,1,1,1,1,1,1,1,1,1,1,1
153376342549,10963,1,1,1,1,1,1,1,1,1,1,1,1,1,1,1,1
153376446702,10964,1,1,1,1,1,1,1,1,1,1,1,1,1,1,1,1
153376486912,10965,1,1,1,1,1,1,1,1,1,1,1,1,1,1,1,1
153376506577,10967,1,1,1,1,1,1,1,1,1,1,1,1,1,1,1,1
153376542185,10969,1,1,1,1,1,1,1,1,1,1,1,1,1,1,1,1
153376565692,10970,1,1,1,1,1,1,1,1,1,1,1,1,1,1,1,1
153376630818,10972,1,1,1,1,1,1,1,1,1,1,1,1,1,1,1,1
153376661937,10973,1,1,1,1,1,1,1,1,1,1,1,1,1,1,1,1
153376693251,10974,1,1,1,1,1,1,1,1,1,1,1,1,1,1,1,1
153376758459,10975,1,1,1,1,1,1,1,1,1,1,1,1,1,1,1,1
153376785375,10976,1,1,1,1,1,1,1,1,1,1,1,1,1,1,1,1
153376832581,10977,1,1,1,1,1,1,1,1,1,1,1,1,1,1,1,1
153376879049,10980,1,1,1,1,1,1,1,1,1,1,1,1,1,1,1,1
153376909246,10981,1,1,1,1,1,1,1,1,1,1,1,1,1,1,1,1
153376974445,10983,1,1,1,1,1,1,1,1,1,1,1,1,1,1,1,1
153377005725,10984,1,1,1,1,1,1,1,1,1,1,1,1,1,1,1,1
153377055850,10985,1,1,1,1,1,1,1,1,1,1,1,1,1,1,1,1
153377067031,10986,1,1,1,1,1,1,1,1,1,1,1,1,1,1,1,1
153377178154,10988,1,1,1,1,1,1,1,1,1,1,1,1,1,1,1,1
153377185424,10989,1,1,1,1,1,1,1,1,1,1,1,1,1,1,1,1
153377194570,10990,1,1,1,1,1,1,1,1,1,1,1,1,1,1,1,1
153377217526,10991,1,1,1,1,1,1,1,1,1,1,1,1,1,1,1,1
153377279315,10993,1,1,1,1,1,1,1,1,1,1,1,1,1,1,1,1
153377311920,10994,1,1,1,1,1,1,1,1,1,1,1,1,1,1,1,1
153377350839,10995,1,1,1,1,1,1,1,1,1,1,1,1,1,1,1,1
153377380765,10996,1,1,1,1,1,1,1,1,1,1,1,1,1,1,1,1
153377414519,10997,1,1,1,1,1,1,1,1,1,1,1,1,1,1,1,1
153377440709,10998,1,1,1,1,1,1,1,1,1,1,1,1,1,1,1,1
153377493225,10999,1,1,1,1,1,1,1,1,1,1,1,1,1,1,1,1
153377554376,11000,1,1,1,1,1,1,1,1,1,1,1,1,1,1,1,1
153377561620,11001,1,1,1,1,1,1,1,1,1,1,1,1,1,1,1,1
153377569241,11002,1,1,1,1,1,1,1,1,1,1,1,1,1,1,1,1
153377599506,11003,1,1,1,1,1,1,1,1,1,1,1,1,1,1,1,1
153377649031,11004,1,1,1,1,1,1,1,1,1,1,1,1,1,1,1,1
153377652831,11005,1,1,1,1,1,1,1,1,1,1,1,1,1,1,1,1
153377703702,11006,1,1,1,1,1,1,1,1,1,1,1,1,1,1,1,1
153377732122,11007,1,1,1,1,1,1,1,1,1,1,1,1,1,1,1,1
153377755904,11008,1,1,1,1,1,1,1,1,1,1,1,1,1,1,1,1
153377793381,11009,1,1,1,1,1,1,1,1,1,1,1,1,1,1,1,1
153377898349,11011,1,1,1,1,1,1,1,1,1,1,1,1,1,1,1,1
153377920694,11012,1,1,1,1,1,1,1,1,1,1,1,1,1,1,1,1
153377926976,11013,1,1,1,1,1,1,1,1,1,1,1,1,1,1,1,1
153377943138,11014,1,1,1,1,1,1,1,1,1,1,1,1,1,1,1,1
153377967899,11015,1,1,1,1,1,1,1,1,1,1,1,1,1,1,1,1
153377998058,11016,1,1,1,1,1,1,1,1,1,1,1,1,1,1,1,1
153378029576,11017,1,1,1,1,1,1,1,1,1,1,1,1,1,1,1,1
153378170825,11021,1,1,1,1,1,1,1,1,1,1,1,1,1,1,1,1
153378192062,11022,1,1,1,1,1,1,1,1,1,1,1,1,1,1,1,1
153378294562,11024,1,1,1,1,1,1,1,1,1,1,1,1,1,1,1,1
153378305623,11025,1,1,1,1,1,1,1,1,1,1,1,1,1,1,1,1
153378338185,11026,1,1,1,1,1,1,1,1,1,1,1,1,1,1,1,1
153378345667,11027,1,1,1,1,1,1,1,1,1,1,1,1,1,1,1,1
153378403753,11029,1,1,1,1,1,1,1,1,1,1,1,1,1,1,1,1
153378434830,11030,1,1,1,1,1,1,1,1,1,1,1,1,1,1,1,1
153378499334,11032,1,1,1,1,1,1,1,1,1,1,1,1,1,1,1,1
153378538329,11033,1,1,1,1,1,1,1,1,1,1,1,1,1,1,1,1
153378648354,11035,1,1,1,1,1,1,1,1,1,1,1,1,1,1,1,1
153378678266,11036,1,1,1,1,1,1,1,1,1,1,1,1,1,1,1,1
153378685767,11037,1,1,1,1,1,1,1,1,1,1,1,1,1,1,1,1
153378705801,11038,1,1,1,1,1,1,1,1,1,1,1,1,1,1,1,1
153378761835,11040,1,1,1,1,1,1,1,1,1,1,1,1,1,1,1,1
153378782844,11041,1,1,1,1,1,1,1,1,1,1,1,1,1,1,1,1
153378814603,11042,1,1,1,1,1,1,1,1,1,1,1,1,1,1,1,1
153378846627,11043,1,1,1,1,1,1,1,1,1,1,1,1,1,1,1,1
153378876842,11044,1,1,1,1,1,1,1,1,1,1,1,1,1,1,1,1
153378906774,11045,1,1,1,1,1,1,1,1,1,1,1,1,1,1,1,1
153378982162,11046,1,1,1,1,1,1,1,1,1,1,1,1,1,1,1,1
153379059657,11047,1,1,1,1,1,1,1,1,1,1,1,1,1,1,1,1
153379073296,11048,1,1,1,1,1,1,1,1,1,1,1,1,1,1,1,1
153379083324,11049,1,1,1,1,1,1,1,1,1,1,1,1,1,1,1,1
153379155913,11052,1,1,1,1,1,1,1,1,1,1,1,1,1,1,1,1
153379161870,11053,1,1,1,1,1,1,1,1,1,1,1,1,1,1,1,1
153379196296,11054,1,1,1,1,1,1,1,1,1,1,1,1,1,1,1,1
153379225356,11055,1,1,1,1,1,1,1,1,1,1,1,1,1,1,1,1
153379256644,11056,1,1,1,1,1,1,1,1,1,1,1,1,1,1,1,1
153379285253,11057,1,1,1,1,1,1,1,1,1,1,1,1,1,1,1,1
153379353099,11058,1,1,1,1,1,1,1,1,1,1,1,1,1,1,1,1
153379384728,11059,1,1,1,1,1,1,1,1,1,1,1,1,1,1,1,1
153379415781,11061,1,1,1,1,1,1,1,1,1,1,1,1,1,1,1,1
153379447000,11062,1,1,1,1,1,1,1,1,1,1,1,1,1,1,1,1
153379498252,11063,1,1,1,1,1,1,1,1,1,1,1,1,1,1,1,1
153379508115,11064,1,1,1,1,1,1,1,1,1,1,1,1,1,1,1,1
153379626597,11067,1,1,1,1,1,1,1,1,1,1,1,1,1,1,1,1
153379640596,11068,1,1,1,1,1,1,1,1,1,1,1,1,1,1,1,1
153379665678,11069,1,1,1,1,1,1,1,1,1,1,1,1,1,1,1,1
153379759446,11070,1,1,1,1,1,1,1,1,1,1,1,1,1,1,1,1
153379768292,11071,1,1,1,1,1,1,1,1,1,1,1,1,1,1,1,1
153379779680,11072,1,1,1,1,1,1,1,1,1,1,1,1,1,1,1,1
153379791982,11073,1,1,1,1,1,1,1,1,1,1,1,1,1,1,1,1
153379821973,11074,1,1,1,1,1,1,1,1,1,1,1,1,1,1,1,1
153379850582,11075,1,1,1,1,1,1,1,1,1,1,1,1,1,1,1,1
153379913265,11077,1,1,1,1,1,1,1,1,1,1,1,1,1,1,1,1
153379943204,11078,1,1,1,1,1,1,1,1,1,1,1,1,1,1,1,1
153379966217,11079,1,1,1,1,1,1,1,1,1,1,1,1,1,1,1,1
153379996631,11080,1,1,1,1,1,1,1,1,1,1,1,1,1,1,1,1
153380035705,11081,1,1,1,1,1,1,1,1,1,1,1,1,1,1,1,1
153380134402,11082,1,1,1,1,1,1,1,1,1,1,1,1,1,1,1,1
153380151977,11084,1,1,1,1,1,1,1,1,1,1,1,1,1,1,1,1
153380174525,11085,1,1,1,1,1,1,1,1,1,1,1,1,1,1,1,1
153380199537,11086,1,1,1,1,1,1,1,1,1,1,1,1,1,1,1,1
153380225679,11087,1,1,1,1,1,1,1,1,1,1,1,1,1,1,1,1
153380261991,11088,1,1,1,1,1,1,1,1,1,1,1,1,1,1,1,1
153380291943,11089,1,1,1,1,1,1,1,1,1,1,1,1,1,1,1,1
153380318971,11090,1,1,1,1,1,1,1,1,1,1,1,1,1,1,1,1
153380456888,11093,1,1,1,1,1,1,1,1,1,1,1,1,1,1,1,1
153380495750,11094,1,1,1,1,1,1,1,1,1,1,1,1,1,1,1,1
153380504298,11095,1,1,1,1,1,1,1,1,1,1,1,1,1,1,1,1
153380532004,11097,1,1,1,1,1,1,1,1,1,1,1,1,1,1,1,1
153380572082,11098,1,1,1,1,1,1,1,1,1,1,1,1,1,1,1,1
153380600816,11099,1,1,1,1,1,1,1,1,1,1,1,1,1,1,1,1
153380641238,11100,1,1,1,1,1,1,1,1,1,1,1,1,1,1,1,1
153380663295,11101,1,1,1,1,1,1,1,1,1,1,1,1,1,1,1,1
153380701339,11102,1,1,1,1,1,1,1,1,1,1,1,1,1,1,1,1
153380719110,11103,1,1,1,1,1,1,1,1,1,1,1,1,1,1,1,1
153380860729,11105,1,1,1,1,1,1,1,1,1,1,1,1,1,1,1,1
153380896987,11106,1,1,1,1,1,1,1,1,1,1,1,1,1,1,1,1
153380915669,11107,1,1,1,1,1,1,1,1,1,1,1,1,1,1,1,1
153380931269,11109,1,1,1,1,1,1,1,1,1,1,1,1,1,1,1,1
153380940781,11110,1,1,1,1,1,1,1,1,1,1,1,1,1,1,1,1
153380980753,11111,1,1,1,1,1,1,1,1,1,1,1,1,1,1,1,1
153381004486,11112,1,1,1,1,1,1,1,1,1,1,1,1,1,1,1,1
153381035813,11113,1,1,1,1,1,1,1,1,1,1,1,1,1,1,1,1
153381137151,11116,1,1,1,1,1,1,1,1,1,1,1,1,1,1,1,1
153381216043,11117,1,1,1,1,1,1,1,1,1,1,1,1,1,1,1,1
153381240702,11118,1,1,1,1,1,1,1,1,1,1,1,1,1,1,1,1
153381249353,11119,1,1,1,1,1,1,1,1,1,1,1,1,1,1,1,1
153381258860,11120,1,1,1,1,1,1,1,1,1,1,1,1,1,1,1,1
153381283213,11121,1,1,1,1,1,1,1,1,1,1,1,1,1,1,1,1
153381312852,11122,1,1,1,1,1,1,1,1,1,1,1,1,1,1,1,1
153381447089,11126,1,1,1,1,1,1,1,1,1,1,1,1,1,1,1,1
153381474401,11127,1,1,1,1,1,1,1,1,1,1,1,1,1,1,1,1
153381613105,11129,1,1,1,1,1,1,1,1,1,1,1,1,1,1,1,1
153381650598,11130,1,1,1,1,1,1,1,1,1,1,1,1,1,1,1,1
153381661868,11131,1,1,1,1,1,1,1,1,1,1,1,1,1,1,1,1
153381675622,11132,1,1,1,1,1,1,1,1,1,1,1,1,1,1,1,1
153381738015,11134,1,1,1,1,1,1,1,1,1,1,1,1,1,1,1,1
153381754565,11135,1,1,1,1,1,1,1,1,1,1,1,1,1,1,1,1
153381796927,11137,1,1,1,1,1,1,1,1,1,1,1,1,1,1,1,1
153381829406,11138,1,1,1,1,1,1,1,1,1,1,1,1,1,1,1,1
153381900776,11140,1,1,1,1,1,1,1,1,1,1,1,1,1,1,1,1
153381952034,11141,1,1,1,1,1,1,1,1,1,1,1,1,1,1,1,1
153381976872,11142,1,1,1,1,1,1,1,1,1,1,1,1,1,1,1,1
153381985591,11143,1,1,1,1,1,1,1,1,1,1,1,1,1,1,1,1
153382034297,11145,1,1,1,1,1,1,1,1,1,1,1,1,1,1,1,1
153382099327,11147,1,1,1,1,1,1,1,1,1,1,1,1,1,1,1,1
153382130779,11148,1,1,1,1,1,1,1,1,1,1,1,1,1,1,1,1
153382189503,11150,1,1,1,1,1,1,1,1,1,1,1,1,1,1,1,1
153382221928,11151,1,1,1,1,1,1,1,1,1,1,1,1,1,1,1,1
153382299525,11152,1,1,1,1,1,1,1,1,1,1,1,1,1,1,1,1
153382338341,11153,1,1,1,1,1,1,1,1,1,1,1,1,1,1,1,1
153382440629,11158,1,1,1,1,1,1,1,1,1,1,1,1,1,1,1,1
153382474368,11159,1,1,1,1,1,1,1,1,1,1,1,1,1,1,1,1
153382504103,11160,1,1,1,1,1,1,1,1,1,1,1,1,1,1,1,1
153382533389,11161,1,1,1,1,1,1,1,1,1,1,1,1,1,1,1,1
153382565769,11162,1,1,1,1,1,1,1,1,1,1,1,1,1,1,1,1
153382601869,11163,1,1,1,1,1,1,1,1,1,1,1,1,1,1,1,1
153382684042,11164,1,1,1,1,1,1,1,1,1,1,1,1,1,1,1,1
153382709472,11166,1,1,1,1,1,1,1,1,1,1,1,1,1,1,1,1
153382731852,11167,1,1,1,1,1,1,1,1,1,1,1,1,1,1,1,1
153382754326,11168,1,1,1,1,1,1,1,1,1,1,1,1,1,1,1,1
153382828085,11170,1,1,1,1,1,1,1,1,1,1,1,1,1,1,1,1
153382856958,11171,1,1,1,1,1,1,1,1,1,1,1,1,1,1,1,1
153382885044,11172,1,1,1,1,1,1,1,1,1,1,1,1,1,1,1,1
153382909889,11173,1,1,1,1,1,1,1,1,1,1,1,1,1,1,1,1
153382942220,11174,1,1,1,1,1,1,1,1,1,1,1,1,1,1,1,1
153382973211,11175,1,1,1,1,1,1,1,1,1,1,1,1,1,1,1,1
153383065639,11177,1,1,1,1,1,1,1,1,1,1,1,1,1,1,1,1
153383076924,11178,1,1,1,1,1,1,1,1,1,1,1,1,1,1,1,1
153383104513,11179,1,1,1,1,1,1,1,1,1,1,1,1,1,1,1,1
153383125288,11180,1,1,1,1,1,1,1,1,1,1,1,1,1,1,1,1
153383193161,11182,1,1,1,1,1,1,1,1,1,1,1,1,1,1,1,1
153383224357,11183,1,1,1,1,1,1,1,1,1,1,1,1,1,1,1,1
153383253324,11184,1,1,1,1,1,1,1,1,1,1,1,1,1,1,1,1
153383312007,11186,1,1,1,1,1,1,1,1,1,1,1,1,1,1,1,1
153383461924,11189,1,1,1,1,1,1,1,1,1,1,1,1,1,1,1,1
153383470683,11190,1,1,1,1,1,1,1,1,1,1,1,1,1,1,1,1
153383483275,11191,1,1,1,1,1,1,1,1,1,1,1,1,1,1,1,1
153383505657,11192,1,1,1,1,1,1,1,1,1,1,1,1,1,1,1,1
153383550046,11193,1,1,1,1,1,1,1,1,1,1,1,1,1,1,1,1
153383572152,11194,1,1,1,1,1,1,1,1,1,1,1,1,1,1,1,1
153383600934,11195,1,1,1,1,1,1,1,1,1,1,1,1,1,1,1,1
153383802217,11199,1,1,1,1,1,1,1,1,1,1,1,1,1,1,1,1
153383828211,11200,1,1,1,1,1,1,1,1,1,1,1,1,1,1,1,1
153383851947,11202,1,1,1,1,1,1,1,1,1,1,1,1,1,1,1,1
153383871878,11203,1,1,1,1,1,1,1,1,1,1,1,1,1,1,1,1
153383886844,11204,1,1,1,1,1,1,1,1,1,1,1,1,1,1,1,1
153383905202,11205,1,1,1,1,1,1,1,1,1,1,1,1,1,1,1,1
153383971572,11207,1,1,1,1,1,1,1,1,1,1,1,1,1,1,1,1
153384002791,11208,1,1,1,1,1,1,1,1,1,1,1,1,1,1,1,1
153384068130,11210,1,1,1,1,1,1,1,1,1,1,1,1,1,1,1,1
153384155709,11211,1,1,1,1,1,1,1,1,1,1,1,1,1,1,1,1
153384204585,11213,1,1,1,1,1,1,1,1,1,1,1,1,1,1,1,1
153384213246,11214,1,1,1,1,1,1,1,1,1,1,1,1,1,1,1,1
153384229465,11215,1,1,1,1,1,1,1,1,1,1,1,1,1,1,1,1
153384257016,11216,1,1,1,1,1,1,1,1,1,1,1,1,1,1,1,1
153384292795,11217,1,1,1,1,1,1,1,1,1,1,1,1,1,1,1,1
153384311866,11218,1,1,1,1,1,1,1,1,1,1,1,1,1,1,1,1
153384383249,11220,1,1,1,1,1,1,1,1,1,1,1,1,1,1,1,1
153384411934,11221,1,1,1,1,1,1,1,1,1,1,1,1,1,1,1,1
153384541970,11223,1,1,1,1,1,1,1,1,1,1,1,1,1,1,1,1
153384550888,11224,1,1,1,1,1,1,1,1,1,1,1,1,1,1,1,1
153384565838,11225,1,1,1,1,1,1,1,1,1,1,1,1,1,1,1,1
153384573337,11226,1,1,1,1,1,1,1,1,1,1,1,1,1,1,1,1
153384628249,11228,1,1,1,1,1,1,1,1,1,1,1,1,1,1,1,1
153384748256,11231,1,1,1,1,1,1,1,1,1,1,1,1,1,1,1,1
153384760704,11232,1,1,1,1,1,1,1,1,1,1,1,1,1,1,1,1
153384784621,11233,1,1,1,1,1,1,1,1,1,1,1,1,1,1,1,1
153384818164,11234,1,1,1,1,1,1,1,1,1,1,1,1,1,1,1,1
153384909419,11235,1,1,1,1,1,1,1,1,1,1,1,1,1,1,1,1
153384923043,11236,1,1,1,1,1,1,1,1,1,1,1,1,1,1,1,1
153384932078,11237,1,1,1,1,1,1,1,1,1,1,1,1,1,1,1,1
153384972005,11239,1,1,1,1,1,1,1,1,1,1,1,1,1,1,1,1
153385003279,11240,1,1,1,1,1,1,1,1,1,1,1,1,1,1,1,1
153385034299,11241,1,1,1,1,1,1,1,1,1,1,1,1,1,1,1,1
153385080857,11242,1,1,1,1,1,1,1,1,1,1,1,1,1,1,1,1
153385130673,11244,1,1,1,1,1,1,1,1,1,1,1,1,1,1,1,1
153385161941,11245,1,1,1,1,1,1,1,1,1,1,1,1,1,1,1,1
153385209537,11246,1,1,1,1,1,1,1,1,1,1,1,1,1,1,1,1
153385271950,11247,1,1,1,1,1,1,1,1,1,1,1,1,1,1,1,1
153385280650,11248,1,1,1,1,1,1,1,1,1,1,1,1,1,1,1,1
153385291829,11249,1,1,1,1,1,1,1,1,1,1,1,1,1,1,1,1
153385315995,11250,1,1,1,1,1,1,1,1,1,1,1,1,1,1,1,1
153385348287,11251,1,1,1,1,1,1,1,1,1,1,1,1,1,1,1,1
153385398175,11252,1,1,1,1,1,1,1,1,1,1,1,1,1,1,1,1
153385409411,11253,1,1,1,1,1,1,1,1,1,1,1,1,1,1,1,1
153385471687,11255,1,1,1,1,1,1,1,1,1,1,1,1,1,1,1,1
153385503053,11256,1,1,1,1,1,1,1,1,1,1,1,1,1,1,1,1
153385534243,11257,1,1,1,1,1,1,1,1,1,1,1,1,1,1,1,1
153385647955,11259,1,1,1,1,1,1,1,1,1,1,1,1,1,1,1,1
153385699434,11262,1,1,1,1,1,1,1,1,1,1,1,1,1,1,1,1
153385723349,11263,1,1,1,1,1,1,1,1,1,1,1,1,1,1,1,1
153385754601,11264,1,1,1,1,1,1,1,1,1,1,1,1,1,1,1,1
153385788340,11265,1,1,1,1,1,1,1,1,1,1,1,1,1,1,1,1
153385818286,11266,1,1,1,1,1,1,1,1,1,1,1,1,1,1,1,1
153385867708,11267,1,1,1,1,1,1,1,1,1,1,1,1,1,1,1,1
153385872713,11268,1,1,1,1,1,1,1,1,1,1,1,1,1,1,1,1
153386049315,11272,1,1,1,1,1,1,1,1,1,1,1,1,1,1,1,1
153386069498,11273,1,1,1,1,1,1,1,1,1,1,1,1,1,1,1,1
153386113044,11275,1,1,1,1,1,1,1,1,1,1,1,1,1,1,1,1
153386130822,11276,1,1,1,1,1,1,1,1,1,1,1,1,1,1,1,1
153386185748,11277,1,1,1,1,1,1,1,1,1,1,1,1,1,1,1,1
153386193102,11278,1,1,1,1,1,1,1,1,1,1,1,1,1,1,1,1
153386254375,11280,1,1,1,1,1,1,1,1,1,1,1,1,1,1,1,1
153386285570,11281,1,1,1,1,1,1,1,1,1,1,1,1,1,1,1,1
153386378051,11283,1,1,1,1,1,1,1,1,1,1,1,1,1,1,1,1
153386385540,11284,1,1,1,1,1,1,1,1,1,1,1,1,1,1,1,1
153386446822,11286,1,1,1,1,1,1,1,1,1,1,1,1,1,1,1,1
153386489335,11287,1,1,1,1,1,1,1,1,1,1,1,1,1,1,1,1
153386501981,11288,1,1,1,1,1,1,1,1,1,1,1,1,1,1,1,1
153386537017,11289,1,1,1,1,1,1,1,1,1,1,1,1,1,1,1,1
153386601952,11291,1,1,1,1,1,1,1,1,1,1,1,1,1,1,1,1
153386735638,11293,1,1,1,1,1,1,1,1,1,1,1,1,1,1,1,1
153386758118,11294,1,1,1,1,1,1,1,1,1,1,1,1,1,1,1,1
153386789422,11296,1,1,1,1,1,1,1,1,1,1,1,1,1,1,1,1
153386820527,11297,1,1,1,1,1,1,1,1,1,1,1,1,1,1,1,1
153386839756,11298,1,1,1,1,1,1,1,1,1,1,1,1,1,1,1,1
153386853084,11299,1,1,1,1,1,1,1,1,1,1,1,1,1,1,1,1
153386940822,11302,1,1,1,1,1,1,1,1,1,1,1,1,1,1,1,1
153387005736,11304,1,1,1,1,1,1,1,1,1,1,1,1,1,1,1,1
153387099695,11305,1,1,1,1,1,1,1,1,1,1,1,1,1,1,1,1
153387125473,11306,1,1,1,1,1,1,1,1,1,1,1,1,1,1,1,1
153387134192,11307,1,1,1,1,1,1,1,1,1,1,1,1,1,1,1,1
153387138860,11308,1,1,1,1,1,1,1,1,1,1,1,1,1,1,1,1
153387169344,11309,1,1,1,1,1,1,1,1,1,1,1,1,1,1,1,1
153387196799,11310,1,1,1,1,1,1,1,1,1,1,1,1,1,1,1,1
153387256968,11312,1,1,1,1,1,1,1,1,1,1,1,1,1,1,1,1
153387308173,11313,1,1,1,1,1,1,1,1,1,1,1,1,1,1,1,1
153387317064,11314,1,1,1,1,1,1,1,1,1,1,1,1,1,1,1,1
153387348109,11315,1,1,1,1,1,1,1,1,1,1,1,1,1,1,1,1
153387479185,11318,1,1,1,1,1,1,1,1,1,1,1,1,1,1,1,1
153387489174,11319,1,1,1,1,1,1,1,1,1,1,1,1,1,1,1,1
153387526297,11320,1,1,1,1,1,1,1,1,1,1,1,1,1,1,1,1
153387532139,11321,1,1,1,1,1,1,1,1,1,1,1,1,1,1,1,1
153387600752,11323,1,1,1,1,1,1,1,1,1,1,1,1,1,1,1,1
153387631814,11324,1,1,1,1,1,1,1,1,1,1,1,1,1,1,1,1
153387670685,11325,1,1,1,1,1,1,1,1,1,1,1,1,1,1,1,1
153387692061,11326,1,1,1,1,1,1,1,1,1,1,1,1,1,1,1,1
153387754583,11328,1,1,1,1,1,1,1,1,1,1,1,1,1,1,1,1
153387839444,11329,1,1,1,1,1,1,1,1,1,1,1,1,1,1,1,1
153387850683,11330,1,1,1,1,1,1,1,1,1,1,1,1,1,1,1,1
153387860670,11331,1,1,1,1,1,1,1,1,1,1,1,1,1,1,1,1
153387883501,11332,1,1,1,1,1,1,1,1,1,1,1,1,1,1,1,1
153387910583,11333,1,1,1,1,1,1,1,1,1,1,1,1,1,1,1,1
153387971817,11335,1,1,1,1,1,1,1,1,1,1,1,1,1,1,1,1
153388005646,11336,1,1,1,1,1,1,1,1,1,1,1,1,1,1,1,1
153388036830,11337,1,1,1,1,1,1,1,1,1,1,1,1,1,1,1,1
153388068148,11338,1,1,1,1,1,1,1,1,1,1,1,1,1,1,1,1
153388097593,11339,1,1,1,1,1,1,1,1,1,1,1,1,1,1,1,1
153388155886,11340,1,1,1,1,1,1,1,1,1,1,1,1,1,1,1,1
153388212051,11341,1,1,1,1,1,1,1,1,1,1,1,1,1,1,1,1
153388284346,11345,1,1,1,1,1,1,1,1,1,1,1,1,1,1,1,1
153388315563,11346,1,1,1,1,1,1,1,1,1,1,1,1,1,1,1,1
153388351818,11347,1,1,1,1,1,1,1,1,1,1,1,1,1,1,1,1
153388383143,11348,1,1,1,1,1,1,1,1,1,1,1,1,1,1,1,1
153388411760,11349,1,1,1,1,1,1,1,1,1,1,1,1,1,1,1,1
153388443078,11350,1,1,1,1,1,1,1,1,1,1,1,1,1,1,1,1
153388474361,11351,1,1,1,1,1,1,1,1,1,1,1,1,1,1,1,1
153388618331,11353,1,1,1,1,1,1,1,1,1,1,1,1,1,1,1,1
153388629523,11354,1,1,1,1,1,1,1,1,1,1,1,1,1,1,1,1
153388658011,11356,1,1,1,1,1,1,1,1,1,1,1,1,1,1,1,1
153388687315,11357,1,1,1,1,1,1,1,1,1,1,1,1,1,1,1,1
153388698717,11358,1,1,1,1,1,1,1,1,1,1,1,1,1,1,1,1
153388726898,11359,1,1,1,1,1,1,1,1,1,1,1,1,1,1,1,1
153388776831,11360,1,1,1,1,1,1,1,1,1,1,1,1,1,1,1,1
153388788089,11361,1,1,1,1,1,1,1,1,1,1,1,1,1,1,1,1
153388819366,11362,1,1,1,1,1,1,1,1,1,1,1,1,1,1,1,1
153388959317,11364,1,1,1,1,1,1,1,1,1,1,1,1,1,1,1,1
153388975755,11366,1,1,1,1,1,1,1,1,1,1,1,1,1,1,1,1
153388985666,11367,1,1,1,1,1,1,1,1,1,1,1,1,1,1,1,1
153389038232,11369,1,1,1,1,1,1,1,1,1,1,1,1,1,1,1,1
153389068163,11370,1,1,1,1,1,1,1,1,1,1,1,1,1,1,1,1
153389099282,11371,1,1,1,1,1,1,1,1,1,1,1,1,1,1,1,1
153389129303,11372,1,1,1,1,1,1,1,1,1,1,1,1,1,1,1,1
153389326794,11377,1,1,1,1,1,1,1,1,1,1,1,1,1,1,1,1
153389335736,11378,1,1,1,1,1,1,1,1,1,1,1,1,1,1,1,1
153389380655,11380,1,1,1,1,1,1,1,1,1,1,1,1,1,1,1,1
153389418219,11381,1,1,1,1,1,1,1,1,1,1,1,1,1,1,1,1
153389448095,11382,1,1,1,1,1,1,1,1,1,1,1,1,1,1,1,1
153389481995,11383,1,1,1,1,1,1,1,1,1,1,1,1,1,1,1,1
153389511931,11384,1,1,1,1,1,1,1,1,1,1,1,1,1,1,1,1
153389534508,11385,1,1,1,1,1,1,1,1,1,1,1,1,1,1,1,1
153389565501,11386,1,1,1,1,1,1,1,1,1,1,1,1,1,1,1,1
153389619365,11387,1,1,1,1,1,1,1,1,1,1,1,1,1,1,1,1
153389684321,11388,1,1,1,1,1,1,1,1,1,1,1,1,1,1,1,1
153389724945,11391,1,1,1,1,1,1,1,1,1,1,1,1,1,1,1,1
153389753266,11392,1,1,1,1,1,1,1,1,1,1,1,1,1,1,1,1
153389788206,11393,1,1,1,1,1,1,1,1,1,1,1,1,1,1,1,1
153389819440,11394,1,1,1,1,1,1,1,1,1,1,1,1,1,1,1,1
153389861805,11395,1,1,1,1,1,1,1,1,1,1,1,1,1,1,1,1
153389883132,11396,1,1,1,1,1,1,1,1,1,1,1,1,1,1,1,1
153389948082,11398,1,1,1,1,1,1,1,1,1,1,1,1,1,1,1,1
153389988764,11399,1,1,1,1,1,1,1,1,1,1,1,1,1,1,1,1
153390066760,11401,1,1,1,1,1,1,1,1,1,1,1,1,1,1,1,1
153390075634,11402,1,1,1,1,1,1,1,1,1,1,1,1,1,1,1,1
153390101972,11403,1,1,1,1,1,1,1,1,1,1,1,1,1,1,1,1
153390132037,11404,1,1,1,1,1,1,1,1,1,1,1,1,1,1,1,1
153390255545,11408,1,1,1,1,1,1,1,1,1,1,1,1,1,1,1,1
153390298730,11409,1,1,1,1,1,1,1,1,1,1,1,1,1,1,1,1
153390320606,11410,1,1,1,1,1,1,1,1,1,1,1,1,1,1,1,1
153390397309,11411,1,1,1,1,1,1,1,1,1,1,1,1,1,1,1,1
153390419199,11412,1,1,1,1,1,1,1,1,1,1,1,1,1,1,1,1
153390431675,11413,1,1,1,1,1,1,1,1,1,1,1,1,1,1,1,1
153390440396,11414,1,1,1,1,1,1,1,1,1,1,1,1,1,1,1,1
153390494403,11415,1,1,1,1,1,1,1,1,1,1,1,1,1,1,1,1
153390509077,11416,1,1,1,1,1,1,1,1,1,1,1,1,1,1,1,1
153390540635,11417,1,1,1,1,1,1,1,1,1,1,1,1,1,1,1,1
153390573290,11418,1,1,1,1,1,1,1,1,1,1,1,1,1,1,1,1
153390609228,11419,1,1,1,1,1,1,1,1,1,1,1,1,1,1,1,1
153390635798,11420,1,1,1,1,1,1,1,1,1,1,1,1,1,1,1,1
153390665632,11421,1,1,1,1,1,1,1,1,1,1,1,1,1,1,1,1
153390698188,11422,1,1,1,1,1,1,1,1,1,1,1,1,1,1,1,1
153390776926,11423,1,1,1,1,1,1,1,1,1,1,1,1,1,1,1,1
153390799248,11424,1,1,1,1,1,1,1,1,1,1,1,1,1,1,1,1
153390825419,11426,1,1,1,1,1,1,1,1,1,1,1,1,1,1,1,1
153390853056,11427,1,1,1,1,1,1,1,1,1,1,1,1,1,1,1,1
153390883140,11428,1,1,1,1,1,1,1,1,1,1,1,1,1,1,1,1
153390912158,11429,1,1,1,1,1,1,1,1,1,1,1,1,1,1,1,1
153390946877,11430,1,1,1,1,1,1,1,1,1,1,1,1,1,1,1,1
153391004124,11432,1,1,1,1,1,1,1,1,1,1,1,1,1,1,1,1
153391036758,11433,1,1,1,1,1,1,1,1,1,1,1,1,1,1,1,1
153391091978,11434,1,1,1,1,1,1,1,1,1,1,1,1,1,1,1,1
153391143052,11435,1,1,1,1,1,1,1,1,1,1,1,1,1,1,1,1
153391205536,11437,1,1,1,1,1,1,1,1,1,1,1,1,1,1,1,1
153391263213,11440,1,1,1,1,1,1,1,1,1,1,1,1,1,1,1,1
153391285620,11441,1,1,1,1,1,1,1,1,1,1,1,1,1,1,1,1
153391315009,11442,1,1,1,1,1,1,1,1,1,1,1,1,1,1,1,1
153391347014,11443,1,1,1,1,1,1,1,1,1,1,1,1,1,1,1,1
153391404048,11444,1,1,1,1,1,1,1,1,1,1,1,1,1,1,1,1
153391409313,11445,1,1,1,1,1,1,1,1,1,1,1,1,1,1,1,1
153391508118,11446,1,1,1,1,1,1,1,1,1,1,1,1,1,1,1,1
153391540468,11448,1,1,1,1,1,1,1,1,1,1,1,1,1,1,1,1
153391574263,11450,1,1,1,1,1,1,1,1,1,1,1,1,1,1,1,1
153391596669,11451,1,1,1,1,1,1,1,1,1,1,1,1,1,1,1,1
153391629156,11452,1,1,1,1,1,1,1,1,1,1,1,1,1,1,1,1
153391660573,11453,1,1,1,1,1,1,1,1,1,1,1,1,1,1,1,1
153391691849,11454,1,1,1,1,1,1,1,1,1,1,1,1,1,1,1,1
153391723209,11455,1,1,1,1,1,1,1,1,1,1,1,1,1,1,1,1
153391784550,11456,1,1,1,1,1,1,1,1,1,1,1,1,1,1,1,1
153391889322,11458,1,1,1,1,1,1,1,1,1,1,1,1,1,1,1,1
153391901748,11459,1,1,1,1,1,1,1,1,1,1,1,1,1,1,1,1
153391910473,11460,1,1,1,1,1,1,1,1,1,1,1,1,1,1,1,1
153391916837,11461,1,1,1,1,1,1,1,1,1,1,1,1,1,1,1,1
153391949301,11462,1,1,1,1,1,1,1,1,1,1,1,1,1,1,1,1
153392004360,11464,1,1,1,1,1,1,1,1,1,1,1,1,1,1,1,1
153392034400,11465,1,1,1,1,1,1,1,1,1,1,1,1,1,1,1,1
153392064239,11466,1,1,1,1,1,1,1,1,1,1,1,1,1,1,1,1
153392096843,11467,1,1,1,1,1,1,1,1,1,1,1,1,1,1,1,1
153392167021,11469,1,1,1,1,1,1,1,1,1,1,1,1,1,1,1,1
153392243261,11470,1,1,1,1,1,1,1,1,1,1,1,1,1,1,1,1
153392263114,11471,1,1,1,1,1,1,1,1,1,1,1,1,1,1,1,1
153392273195,11472,1,1,1,1,1,1,1,1,1,1,1,1,1,1,1,1
153392317995,11474,1,1,1,1,1,1,1,1,1,1,1,1,1,1,1,1
153392349316,11475,1,1,1,1,1,1,1,1,1,1,1,1,1,1,1,1
153392388058,11476,1,1,1,1,1,1,1,1,1,1,1,1,1,1,1,1
153392429182,11477,1,1,1,1,1,1,1,1,1,1,1,1,1,1,1,1
153392455573,11478,1,1,1,1,1,1,1,1,1,1,1,1,1,1,1,1
153392625830,11482,1,1,1,1,1,1,1,1,1,1,1,1,1,1,1,1
153392636915,11483,1,1,1,1,1,1,1,1,1,1,1,1,1,1,1,1
153392688070,11485,1,1,1,1,1,1,1,1,1,1,1,1,1,1,1,1
153392698050,11486,1,1,1,1,1,1,1,1,1,1,1,1,1,1,1,1
153392734316,11487,1,1,1,1,1,1,1,1,1,1,1,1,1,1,1,1
